,Noun,Count
0,치료,28478
1,증상,27080
2,수,23761
3,진단,19452
4,방법,17316
5,원인,16800
6,무엇,16500
7,예방,14649
8,약물,13030
9,발생,12991
79,관절염,11939
80,당뇨병,11916
84,간염,11823
122,고혈압,11146
130,통풍,11066
132,폐렴,11021
143,백혈병,10925
187,난청,10738
188,두드러기,10736
197,치매,10705
198,신부전,10690
199,두통,10687
200,패혈증,10686
213,폐암,10656
216,인플루엔자,10654
238,결막염,10591
243,위암,10583
245,천식,10579
251,피부염,10566
253,골다공증,10560
268,비만,10538
276,우울증,10530
285,척추측만증,10503
286,무지외반증,10500
289,이명,10493
302,결핵,10482
301,면역결핍증,10482
303,폐경,10481
304,협심증,10481
320,변비,10468
322,유방암,10466
325,여드름,10463
326,대장암,10462
327,요실금,10462
338,염좌,10455
340,불면증,10450
342,대상포진,10448
346,부비동염,10445
351,뇌염,10441
353,무좀,10440
357,저혈압,10438
360,근감소증,10435
367,갑상선기능저하증,10428
379,치은염,10414
390,주근깨,10402
388,녹내장,10402
402,이상지질혈증,10395
404,골감소증,10394
405,구루병,10392
411,수족구병,10387
417,건초염,10380
420,변실금,10375
429,췌장염,10370
430,골관절염,10370
431,췌장암,10369
433,지체장애,10367
434,쥐젖,10366
437,냉방병,10364
442,구순열,10360
443,치조골염,10359
451,혈관염,10355
449,주걱턱,10355
452,사마귀,10354
453,괴혈병,10354
458,모낭염,10352
468,후두암,10347
474,죽상경화증,10345
477,뇌경색,10342
478,갑상선암,10342
483,유산,10340
485,임파선염,10338
486,홍역,10337
489,편도결석,10336
490,기미,10336
501,발진티푸스,10332
516,성병,10325
517,림프부종,10324
518,농흉,10324
519,소화불량,10324
523,충치,10322
526,파킨슨병,10321
527,요충증,10321
532,각막염,10320
531,폐결핵,10320
530,유선염,10320
534,편도선염,10318
535,식도염,10317
539,뇌출혈,10316
549,구강암,10310
554,습진,10307
561,뇌전증,10305
562,편도암,10305
566,백내장,10303
571,직장암,10302
568,성홍열,10302
573,돌출입,10301
584,섬유종,10298
585,티눈,10298
589,라임병,10297
592,뎅기열,10294
596,탈모증,10294
599,노안,10293
605,전립선암,10292
603,춘곤증,10292
604,콜레라,10292
601,심계항진,10292
612,사각턱,10289
614,소아마비,10287
618,편두통,10285
620,야맹증,10284
622,심낭염,10284
625,열사병,10282
626,지방간,10282
628,파상풍,10281
627,방광염,10281
632,아나필락시스,10278
634,자궁경부암,10278
631,근시,10278
640,동상,10276
643,철결핍빈혈,10276
645,실어증,10275
656,담석,10270
657,고막염,10269
663,외이도염,10268
668,안검하수,10266
669,복시,10266
672,혈뇨,10265
674,폐기종,10263
678,매독,10261
681,간경화,10259
683,구개열,10259
685,수두,10258
686,혈우병,10258
701,임질,10252
702,좌골신경통,10252
706,저체온증,10251
710,화상,10249
717,봉와직염,10247
719,장티푸스,10247
721,조산,10246
724,조루증,10246
729,갑상선기능항진증,10245
737,심내막염,10244
739,비듬,10243
741,풍진,10243
744,부정맥,10242
747,피부건조증,10241
746,고산병,10241
750,땀띠,10240
751,구순포진,10239
755,가와사키병,10237
760,백일해,10236
761,광견병,10235
763,요붕증,10234
766,난소암,10233
765,외반슬,10233
770,약시,10232
771,식도암,10231
773,식중독,10231
781,광우병,10229
776,고칼슘혈증,10229
787,소장암,10227
797,담관암,10223
804,자궁내막증,10220
807,성조숙증,10220
810,모야모야병,10219
814,항문암,10217
816,피부암,10215
825,사시,10211
828,발작,10210
838,자간증,10206
840,흉터,10206
841,부갑상선기능저하증,10205
842,당뇨망막병증,10205
844,구순염,10204
845,기면증,10204
848,산욕열,10204
852,내반슬,10203
864,황반변성,10201
867,지방종,10200
869,과다월경,10199
873,조현병,10198
888,맹장염,10196
882,자궁경부염,10196
898,복막염,10194
902,방광암,10192
910,갈색세포종,10191
915,비문증,10190
914,심근염,10190
913,골육종,10190
917,불명열,10189
927,골수염,10186
930,간농양,10186
933,후비루,10185
942,배란통,10182
952,자궁근종,10180
953,자궁내막암,10180
957,난시,10179
954,복수,10179
960,림프종,10178
964,성기능장애,10177
967,뇌종양,10177
976,부갑상선기능항진증,10174
986,무월경,10172
995,야뇨증,10171
992,지적장애,10171
997,만성골수백혈병,10171
999,신증후군,10171
1001,섬망,10170
1007,폐소공포증,10169
1006,시신경염,10169
1013,건강염려증,10168
1019,흉통,10167
1020,색약,10167
1025,켈로이드,10166
1023,레이노병,10166
1030,농가진,10165
1026,저혈당증,10165
1042,말단비대증,10164
1034,욕창,10164
1051,신경섬유종,10162
1049,늑막염,10162
1045,결절종,10162
1068,외음부암,10157
1067,음낭수종,10157
1079,자폐증,10154
1082,난산,10153
1096,육종,10151
1098,저칼륨혈증,10150
1102,담낭암,10149
1103,질암,10149
1107,배뇨장애,10149
1115,부신암,10147
1117,자궁선근증,10146
1123,잠복고환증,10145
1127,과숙아,10144
1128,양수색전증,10144
1135,알츠하이머병,10142
1144,파종혈관내응고,10140
1150,포경,10138
1162,횡문근융해증,10134
1169,기흉,10133
1179,고칼륨혈증,10129
1181,자간전증,10128
1185,난소난관염,10127
1190,뇌사,10125
1196,골수형성이상증후군,10124
1199,고환염,10123
1203,자궁경관무력증,10122
1205,다태아,10122
1207,골수증식종양,10121
1211,공기가슴증,10121
1208,호중구감소증,10121
1219,요도하열,10119
1231,면역혈소판감소증,10115
1236,교모세포종,10113
1238,자가면역용혈질환,10113
1257,골형성부전증,10109
1270,소양증,10105
1271,옴,10105
1273,신경모세포종,10104
1280,혼수,10103
1287,척수근육위축,10101
1293,연골무형성증,10100
1316,공황장애,10096
1366,페닐케톤뇨증,10085
1394,하지불안증후군,10080
1410,뇌동맥류,10078
1411,유당분해효소결핍증,10078
1538,건선,10054
1690,안구건조증,10040
1704,뇌성마비,10039
1721,급성림프모구백혈병,10038
1743,대사증후군,10036
1895,뇌졸증,10028
1937,만성림프구백혈병,10026
1988,안면마비,10024
1974,틱장애,10024
1970,간암,10024
2033,만성비염,10023
2103,조기폐경,10021
2096,발달장애,10021
2112,신장결석,10020
2151,수면장애,10019
2152,섭식장애,10019
2188,덤핑증후군,10018
2260,이석증,10017
2232,안면홍조증,10017
2237,객혈,10017
2277,금단현상,10016
2264,전치태반,10016
2294,납중독,10016
2298,새집증후군,10016
2319,불안장애,10015
2455,인후두염,10013
2474,고마그네슘혈증,10013
2500,산후우울증,10012
2536,퇴행성관절염,10012
2654,심실빈맥,10011
2661,부신종양,10011
2660,범혈구감소증,10011
2613,심방세동,10011
2594,안면골절,10011
2749,제대탈장,10010
2691,조기진통,10010
2769,매복사랑니,10010
2723,터너증후군,10010
2773,질출혈,10010
2857,급성충수염,10009
2925,일본뇌염,10008
2996,강박장애,10008
3037,다운증후군,10008
3077,후천성면역결핍증,10007
3170,척수종양,10007
3277,거북목증후군,10006
3429,급성췌장염,10006
3443,망상장애,10006
3484,옻중독,10005
3666,중동호흡기증후군,10005
3674,자궁탈출증,10005
3502,조기위암,10005
3545,수부외상,10005
3579,여성형유방,10005
3707,망막박리,10005
3630,삼차신경병증,10005
3684,신종플루,10005
3656,선천성거대결장증,10005
3473,비중격만곡,10005
4158,음식알레르기,10004
4202,급성중이염,10004
3924,안면비대칭,10004
4035,단순포진,10004
3837,급성질염,10004
3953,비립종,10004
3986,과호흡증후군,10004
4033,라이증후군,10004
4096,요추관협착증,10004
4398,아킬레스건파열,10003
4256,태아알코올증후군,10003
4316,복부통증,10003
4933,폐혈전색전증,10003
4779,아킬레스건염,10003
4235,과민성방광,10003
4696,대사성알칼리증,10003
4529,호흡성알칼리증,10003
4642,안암,10003
4577,류마티스관절염,10003
4243,두부백선,10003
5706,알레르기비염,10002
5731,꽃가루알레르기,10002
5951,대사성산증,10002
5960,기도폐쇄,10002
5995,양극성장애,10002
6054,자가면역질환,10002
6051,남성불임,10002
5594,이상태위,10002
6082,만성기관지염,10002
6144,약물알레르기,10002
6156,전도장애,10002
6203,비브리오패혈증,10002
5679,급성방광염,10002
5368,궤양성대장염,10002
4970,기관지폐형성이상,10002
5088,뚜렛증후군,10002
5412,전이암,10002
5352,갑상선결절,10002
4976,기관지확장증,10002
5136,간성뇌증,10002
5094,하지정맥류,10002
5024,만성중이염,10002
5023,만성치주염,10002
5053,미숙아망막병증,10002
6259,만성신부전,10001
8344,척추종양,10001
8643,해리장애,10001
6301,자궁발육부전,10001
6631,급성기관지염,10001
6736,복부대동맥류,10001
6792,외상후스트레스장애,10001
6820,구획증후군,10001
8521,노인성난청,10001
7374,고환종양,10001
7061,묘성증후군,10001
7269,복압성요실금,10001
8639,태반조기박리,10001
7388,만성위염,10001
7520,월경전증후군,10001
8507,만성두드러기,10001
7795,악성고열증,10001
7838,식도정맥류,10001
7953,비인두종양,10001
8005,급성위장염,10001
8263,난관이상,10001
7008,칸디다성구내염,10001
10,질병,9862
11,사용,9315
12,중,9195
13,검사,8264
14,주요,7590
15,효과적,7344
16,종류,6985
17,증후군,6782
18,관련,6622
19,설명,6507
20,운동,6486
21,습관,6422
22,때,6363
23,정의,6259
24,생활,6256
25,증,6137
26,환자,6080
27,하나,5818
28,필요,5736
29,장애,5237
30,염,5062
31,경우,4791
32,급성,4649
33,만성,4416
34,이유,4275
35,검진,4190
36,정확,4161
37,후,4119
38,식이,4104
39,도움,3870
40,가요,3746
41,외,3742
42,영향,3704
43,특징,3544
44,완화,3504
45,재활,3491
46,통증,3482
47,암,3303
48,의료,3226
49,질환,3156
50,의심,3032
51,병원,3016
52,확인,2971
53,수술,2968
54,데,2942
55,개선,2906
56,있을까요,2875
57,자궁,2701
58,자세,2638
59,의미,2629
60,일반적,2612
61,효과,2545
62,정보,2514
63,감염,2507
64,음식,2490
65,권장,2481
66,주의,2420
67,의사,2418
69,기관,2401
68,기능,2401
70,절차,2335
71,생활습관,2283
72,있는지,2258
73,사항,2213
74,요인,2199
75,요법,2153
76,추천,2079
77,복용,2016
78,사람,1966
81,치료법,1912
82,종양,1889
83,바이러스,1846
85,의료기관,1813
86,혈증,1812
87,형,1794
88,포함,1773
89,조치,1765
90,어디,1753
91,건강,1743
92,과정,1704
93,방문,1688
94,이상,1683
95,식단,1641
96,알레르기,1639
97,병,1626
98,성,1576
99,피부,1444
100,적인,1420
101,염의,1395
102,갑상선,1391
103,중요,1373
104,주요한,1358
105,이외,1352
106,조기,1338
107,섭취,1334
108,부작용,1303
109,식이요법,1299
110,전문의,1298
111,선염,1291
112,있나요,1261
113,관리,1243
114,임신,1230
115,감소증,1213
116,그,1200
118,호흡,1178
117,요소,1178
119,조절,1165
120,전,1157
121,점,1153
123,종,1139
124,아이,1125
125,역할,1122
126,결핍증,1108
127,중독,1103
128,가능성,1092
129,알코올,1085
131,과,1043
133,상담,1008
134,결석,1007
135,손상,1006
136,면역,1001
137,결과,998
138,편도,977
139,초기,961
140,선천성,943
141,발병,939
142,상태,931
144,골,924
145,눈,923
146,변화,921
147,심,914
148,전문가,911
150,시,906
149,출혈,906
151,의료진,905
152,부전,900
153,반,890
154,진료,890
155,아킬레스,876
156,경부,875
157,접종,868
158,자가,864
159,여성,848
160,격,845
161,비염,844
162,근,838
163,신경,837
164,식습관,836
165,특징적,830
166,포진,827
167,내,821
168,안면,814
169,신생아,813
170,불안,803
171,난소,799
172,이,795
173,행동,794
175,양성,778
174,특성,778
176,복부,775
177,상황,774
178,방식,774
179,발진,772
180,시행,764
181,장염,752
182,진행,749
183,스트레스,745
184,낭,743
185,수면,742
186,기능부전,740
189,곤란,727
190,기간,724
191,뇌,722
192,부갑상선,715
193,결핍,711
194,기침,710
195,파열,710
196,정도,709
201,불임,685
202,가능,684
204,목,680
203,혈관,680
205,효과적인,679
207,심방,667
206,유전적,667
208,호흡기,665
209,기관지,664
210,중이,663
211,척추,661
212,간,658
215,작용,655
214,신부,655
217,저하증,653
218,부신,652
219,신,651
221,뇌하수체,649
220,유지,649
222,형성,647
223,망막,644
224,연관,642
225,식도,637
226,관,627
227,가슴,624
228,곳,611
230,식사,608
229,정맥류,608
232,위험,604
231,기관지염,604
233,회복,603
234,류,602
235,승모판,598
236,부위,597
237,박리,593
240,부비동,591
239,유발,591
241,감염증,588
242,혈액,585
244,남성,582
247,재활치료,578
246,마티스,578
248,호르몬,576
249,문제,571
250,약물치료,568
252,시간,566
254,탈출증,560
255,결손,559
256,건,559
257,유방,557
258,중격,553
259,외상,553
260,혈전,550
261,류마티스,549
262,예방법,546
263,용,543
264,일상,541
265,근막,541
266,건조증,540
267,족,539
269,거북목,538
270,담낭,537
271,척수,536
272,등,535
273,대장,535
274,중이염,532
275,성장,532
277,심실,525
278,림프,522
280,구,516
279,약,516
281,순,514
282,진료과,508
283,측만,505
284,무지,504
288,발,499
287,선,499
290,다양,491
291,경화증,490
293,마비,489
292,용어,489
294,폐,487
295,항진,485
296,대사,485
297,마그네슘,484
298,소변,484
299,손목,483
300,신장,482
305,처방,480
306,사랑니,479
307,신경병증,476
308,악성,476
309,일상생활,476
310,변,476
311,개존증,475
313,부종,474
312,인격,474
314,대상,473
315,사이,473
316,편,472
317,탈구,471
318,다리,469
319,골수,468
321,호흡증,466
323,인격장애,465
324,방광,463
328,매복,461
329,턱관절,461
331,열,460
330,전신,460
332,예방접종,459
333,식,459
336,용종,458
335,일상적,458
334,재발,458
337,주세,457
339,고려,453
341,항진증,449
343,태아,447
344,코,447
345,단계,445
347,고열,444
348,생물,443
349,요추,442
350,치조골,442
352,예,441
355,석,439
354,감소,439
356,신체적,439
358,근막염,436
359,동안,436
362,산증,434
363,얼굴,434
361,연구,434
364,지,431
365,근육,430
366,식품,430
368,치아,428
369,병증,426
370,소화,424
371,평발,423
372,계속,421
373,가려움,419
374,석증,418
375,저하,417
376,인대,417
377,세포성,417
378,기기,416
380,실천,413
381,건염,412
382,지질,411
383,편평발,410
384,연관성,409
385,선택,406
386,대안,405
387,염증,404
389,시도,402
391,신우,401
392,칸디다,401
393,지체,401
394,코로나,400
395,환경,399
397,탈장,397
396,기준,397
398,권장사항,396
399,관계,395
400,수족,395
401,경험,395
403,구내,394
406,구토,391
407,칸디다성,390
408,담관,390
409,구병,388
410,십자,387
412,중증,386
414,치주염,380
413,추간판,380
415,폐질환,380
416,증가,380
418,실금,378
419,헤르페스,375
421,폐쇄성,374
422,빈혈,374
423,협착증,373
424,귀,373
426,홍반성,372
425,과잉,372
428,현상,370
427,납,370
432,불편,368
435,유형,365
436,턱,364
438,주의력,363
439,원리,363
440,흡연,362
441,나트륨,361
445,판단,358
444,질,358
446,호흡곤란,357
447,관절,356
450,내막,355
448,허혈성,355
454,과잉행동장애,354
455,감기,354
456,태반,352
457,간질환,352
459,비브리오,351
460,전문,349
461,저,349
462,빈맥,349
463,발육,349
464,불량,349
465,요로,348
466,일,347
467,심질환,347
469,외이도,346
470,노인성,346
471,죽상,345
473,공황,345
472,핵심적,345
475,체중,343
476,후천성,343
479,디프테리아,341
480,관련성,341
481,주의사항,341
482,완치,340
484,이후,338
487,자간,336
488,무릎,336
491,임파,335
493,색전증,334
497,프로그램,334
496,손발톱,334
492,심근,334
494,티푸스,334
495,수막염,334
498,부갑상선암,333
499,창,333
500,꽃가루,332
502,심장,332
503,대표적,331
504,뇌수막염,330
505,암종,330
506,전이,329
507,모세포,328
508,요로결석,328
509,내향성,328
512,구내염,327
510,과민성,327
511,지속,327
513,몸,326
514,요충,326
515,틱,325
520,돌,324
521,우식증,323
522,일본,323
524,뇌졸중,322
525,징후,322
528,당뇨,321
529,발견,320
533,성인,318
538,폐색,316
536,외상성,316
537,낭창,316
540,주사,315
541,세동,314
542,효소,314
543,덤핑,313
544,말라리아,312
545,손,311
547,유당,311
546,폐색성,311
550,곰팡이,310
548,울혈성,310
551,분해,309
553,가와사키,308
552,조언,308
555,집,307
556,뇌전,307
557,백신,306
558,직,306
560,봉와,305
559,피로,305
565,적합,304
563,심부전,304
564,기본,304
567,시력,303
570,기본적인,302
569,아기,302
572,출입,302
574,과다,301
575,후두염,301
576,대,300
578,합병증,300
577,동반,300
583,담낭염,299
582,수근,299
581,칼슘,299
580,수근관,299
579,안구,299
587,발달,297
588,전립선,297
586,심계,297
590,항문,295
591,비중,295
598,안전,294
597,만곡,294
594,차이점,294
595,최신,294
593,머리,294
600,경색증,293
602,성장호르몬,292
607,제거,291
606,을,291
609,영상,290
610,대동맥,290
608,라이,290
611,사각,289
613,신종,288
615,생리,287
617,조류,286
616,물,286
619,아토피,285
623,대사성,284
621,심근경색증,284
624,철,282
629,산후,280
630,응급,279
636,부분,278
633,설사,278
637,결절,278
635,월경,278
638,방사선,276
639,새집,276
641,중동,276
642,비중격,276
644,이하,275
646,홍조,275
647,거,274
648,전파,273
649,말초,272
650,의,272
651,자연,272
652,가족력,272
653,말기,271
654,스퍼,270
655,모야,270
661,차이,269
659,시기,269
658,비타민,269
660,알칼리,269
662,안검,268
664,하수,267
665,경화,267
666,스퍼거,267
667,과호흡,267
670,충수염,266
671,인터넷,266
673,상기도,264
675,영아,263
676,동맥관,262
677,신경통,262
679,소리,260
680,다발성,260
682,항생제,259
684,해결,259
687,강직성,258
688,포도,258
689,궤양성,257
690,피,257
692,좌골,256
691,알칼리증,256
694,종이,254
696,척추염,254
693,족부,254
695,혈압,254
700,홍조증,253
699,해당,253
698,출산,253
697,저체온,253
704,지역,252
705,르,252
703,보조,252
707,대장염,251
708,균,251
709,황달,250
711,기능성,249
712,이용,249
713,경련,249
714,소,249
715,옵션,248
716,옻,247
718,잠,247
720,신질환,246
722,세포,246
726,악화,246
723,예약,246
725,신체,246
732,간성,245
731,뇌증,245
730,유행성,245
727,갈색,245
728,말초신경병증,245
734,양막,244
736,제한,244
735,흡인,244
733,내막염,244
738,통,243
743,메,243
740,조현,243
742,니,243
745,알츠하이머,242
748,콜린성,241
749,여성형,240
753,발바닥,239
752,접촉,239
754,발목,238
756,미숙아,237
757,유두,237
758,유사,236
759,위장,236
762,이하선염,235
764,복통,233
769,조직,232
768,호흡성,232
767,골반,232
772,노,231
774,박테리아,230
775,정자,230
777,고칼슘,229
779,무력증,229
780,갑상,229
778,고환,229
783,유당분해,228
784,고열증,228
785,주의력결핍,228
782,사회,228
788,각화증,227
786,조숙,227
789,성관계,227
791,갑상선염,226
790,활동,226
792,강박,226
793,마그네슘혈증,225
796,허리,224
795,분만,224
794,손가락,224
798,유두종,223
799,발가락,222
800,모공,221
801,내막증,221
802,의료기기,221
806,고,220
805,내용,220
809,정자증,220
808,두개,220
803,난원공,220
811,질염,219
812,골절,218
813,위염,217
815,술,217
817,입원,214
818,쇼크,214
819,부족,213
820,추가,213
821,위장염,213
822,제공,213
823,기억,211
824,콘,211
826,방지,211
827,황,210
829,월경전,210
830,지폐,210
831,섭식,209
832,상피,209
834,나이,208
833,기관지폐,208
835,내시경,207
836,흉선암,207
837,발열,207
839,지역사회성,206
843,유합,205
846,수단,204
847,탄소,204
849,로마,203
850,유합증,203
851,힘,203
853,숨,203
857,결장증,202
860,느낌,202
859,거대결장증,202
858,형성이상,202
861,거대,202
856,흉선,202
855,속,202
854,첨형,202
862,변성,202
865,불안증후군,201
866,좌,201
863,병이,201
868,케톤,200
870,입,199
871,좌심,199
872,낭종,198
874,부전성,198
875,망막병증,198
876,발육부전성,198
877,필수적,197
878,주변,197
884,형태,196
885,특정,196
889,위치,196
887,배,196
886,실,196
881,일산화탄소,196
883,골수종,196
880,배란,196
879,일산화,196
890,케톤산증,195
891,가려움증,195
892,렛,195
893,환,195
897,양극성,194
894,내과,194
895,가족,194
896,뇌성,194
899,쿠싱,193
900,장비,193
901,장점,192
903,신경성,192
904,다발,192
908,세포종,191
912,위,191
911,얼마,191
909,초음파,191
907,요추관,191
905,폭식,191
906,고나트륨혈증,191
916,다발골수종,190
918,칼슘혈증,189
919,전도,188
920,플루,187
921,모구,187
922,독성,187
923,중요성,187
924,혈전색전증,187
925,인체,187
929,윌,186
931,음주,186
932,비대,186
926,구분,186
928,비루,186
934,괴사,185
935,동시,185
936,요관,185
937,근종,184
938,톤,183
939,방,183
940,지연,183
945,헌팅,182
943,망상,182
944,세균성,182
948,헌팅톤,182
941,법,182
947,지적,182
946,폭식증,182
949,장,181
950,역류,180
951,대처,180
955,성기능,179
956,선천적,179
958,배뇨,179
959,진통,178
961,교,178
962,대안적인,178
963,터너,177
965,어려움,177
966,르병,177
968,산모,177
970,폐쇄,176
971,공포증,176
972,양수,176
969,레이,176
973,노출,175
974,영양,175
975,주기,175
977,염려증,174
978,신경염,174
979,간의,174
984,밤,173
980,내성,173
981,대혈관,173
982,저혈당,173
983,지루성,173
985,뼈,172
988,골수성,172
989,전위,172
987,시작,172
996,영양제,171
993,정형,171
994,두부,171
998,사회성,171
991,물리,171
990,석회화,171
1000,실증,170
1002,음낭,170
1003,불안정형,169
1005,말단,169
1008,비소세포성,169
1009,비소,169
1004,호산구,169
1015,인체감염증,168
1010,비대증,168
1011,히스테리,168
1012,이질,168
1014,방실,168
1017,물집,167
1018,해리,167
1021,사,167
1016,가래,167
1024,전립,166
1022,폐쇄증,166
1027,증가증,165
1028,전립선염,165
1029,출혈성,165
1031,노병,165
1033,주,164
1032,호흡곤란증후군,164
1039,유문,164
1035,외음부,164
1036,자가면역,164
1037,의학적,164
1038,기도,164
1040,습관성,164
1041,구별,164
1043,영양소,163
1044,요도,163
1050,백선,162
1048,요독증,162
1047,하나일,162
1046,경로,162
1052,인,161
1053,담배,160
1054,사구체,160
1055,공기,160
1056,비정상,160
1062,이점,159
1060,전문적,159
1061,염증성,159
1059,마이,159
1058,이형성증,159
1057,치과,159
1063,수종,158
1064,동맥류,158
1065,팔로,158
1066,다,158
1069,반사회성,157
1070,제대,157
1071,코마이신,156
1073,유문협착증,156
1072,신장증,156
1077,난관,155
1074,지속적,155
1075,생식,155
1076,다낭성,155
1078,자궁내막,154
1080,하,154
1081,면역력,153
1083,포함되나요,153
1084,증식증,153
1085,특별,153
1086,응고,153
1087,혈,153
1088,두,153
1089,메커니즘,152
1090,관여,152
1091,나트륨혈증,152
1092,이상증식증,152
1093,추가적인,152
1095,진전,151
1097,착용,151
1094,입술,151
1099,저칼륨,150
1100,복강,150
1108,가지,149
1106,평소,149
1105,강화,149
1104,복,149
1101,축적,149
1112,전치,148
1111,복고,148
1110,기대,148
1109,콧물,148
1113,기술,147
1114,향상,147
1118,확률,146
1116,증식,146
1119,언제,146
1120,조심,146
1121,비대칭,146
1122,혈관염의,146
1124,소요,145
1126,도구,145
1125,간세포,145
1130,상처,144
1129,중이염의,144
1133,발육부전,143
1132,처치,143
1131,수부,143
1137,수치,142
1138,경추,142
1134,반점,142
1136,림프모구,142
1142,산부인과,141
1141,구획,141
1140,기여,141
1139,쪽,141
1145,토,140
1146,예방책,140
1143,파종,140
1147,교정,139
1148,편집성,138
1149,서혜부,138
1151,압성,137
1152,동향,137
1153,심리적,137
1154,소아,137
1155,자폐,137
1159,복압성,136
1156,경관,136
1157,혈소판,136
1158,피로감,136
1160,의존성,135
1164,스펙트럼,134
1161,융해,134
1163,이비인후과,134
1165,식욕,134
1166,횡문근,134
1168,존재,133
1167,생식선,133
1170,스테로이드,132
1172,세균,132
1171,조동,132
1176,충동,131
1173,구체적,131
1174,스트레칭,131
1175,금단,131
1177,압궤,129
1178,고칼륨,129
1180,안과,128
1183,난관염,127
1182,분류,127
1184,테스트,127
1186,부비동염의,127
1187,혈구,126
1188,협력,126
1189,성분,126
1191,다운,125
1192,단순,125
1193,태위,125
1194,피부과,125
1197,중인,124
1198,오스,124
1195,정기적,124
1201,호전,123
1200,터,123
1202,림프구,122
1204,호중구,122
1206,토오스혈증,122
1209,이물,121
1210,돌연사,121
1212,수칙,121
1216,언어,120
1213,비인,120
1214,근력,120
1215,혹,120
1217,평가,119
1218,부,119
1220,접근,119
1222,소화관,118
1223,멍,118
1221,퇴행성,118
1224,용혈,117
1225,당원,117
1226,불규칙,117
1227,부전증,115
1228,반응,115
1229,극복,115
1230,물리치료,115
1234,감각,114
1233,오른쪽,114
1235,정신적,114
1232,구성,114
1237,혈구감소증,113
1239,모기,112
1240,이론,112
1241,개,112
1242,혈당,112
1244,시설,111
1246,예상,111
1247,어깨,111
1245,개인,111
1248,항암,111
1243,병의,111
1249,결정,110
1251,삼차,110
1252,열상,110
1250,특이,110
1254,피곤,110
1253,회음,110
1255,하나인,109
1256,두경부,109
1258,뇌동맥,109
1259,적용,108
1260,전염,108
1261,위축,108
1262,혈액검사,107
1263,여행,107
1264,임파선,107
1265,횡격막,106
1266,가야,106
1267,규칙,106
1269,위축증,105
1268,근무력증,105
1275,실시,104
1274,연골,104
1272,비,104
1276,성공률,104
1281,위생,103
1278,후천적,103
1277,왼쪽,103
1279,컴퓨터,103
1282,척수구근,102
1284,잇몸,102
1283,구근,102
1288,조건,101
1286,어지럼증,101
1291,여름철,101
1290,신발,101
1289,발현,101
1285,후유증,101
1294,플,100
1292,근위축증,100
1298,과의,99
1295,연고,99
1296,무형성,99
1297,의원,99
1300,축적병,98
1301,염과,98
1299,투여,98
1302,대체,97
1303,우유,97
1307,구강,97
1305,펠,97
1306,하지,97
1308,최소화,97
1304,부탁,97
1310,클라인,96
1309,암스,96
1317,건조,96
1312,묘성,96
1313,건강검진,96
1314,클라인펠터,96
1315,이것,96
1318,말,96
1311,일부,96
1324,근막염의,95
1321,팁,95
1322,계획,95
1323,프,95
1320,관내,95
1319,시야,95
1325,누구,94
1326,아침,94
1328,정상,94
1329,사실,94
1327,반복,94
1330,외과,93
1331,모양,93
1334,여부,92
1333,안,92
1336,해석,92
1335,때문,92
1332,비용,92
1342,레이저,91
1340,촬영,91
1339,프라더,91
1338,어린이,91
1337,라더,91
1341,파악,91
1343,충혈,91
1346,주위,90
1345,고름,90
1348,나,90
1349,오랫동안,90
1344,금연,90
1347,노화,90
1350,풀,89
1351,이해,89
1352,일반,89
1353,근육통,89
1355,발치,88
1356,연령,88
1354,목표,88
1357,임산부,87
1358,유의,87
1359,걷기,87
1360,입안,87
1361,열과,87
1362,작업,86
1363,심각,86
1364,시술,86
1365,보조요법,86
1373,뇨증,85
1376,자가진단,85
1375,절제술,85
1374,부진,85
1367,안쪽,85
1372,동네,85
1370,재채기,85
1369,음료,85
1368,페닐케톤,85
1371,분비물,85
1377,증세,84
1378,뒤,84
1379,속도,83
1380,정신,83
1381,위험성,83
1386,자외선,82
1388,접근법,82
1387,햇빛,82
1384,일치,82
1385,영양증,82
1383,장단점,82
1382,심해,82
1389,유전자,81
1390,축구,81
1391,근긴장,81
1392,약국,81
1395,항,80
1393,다이어트,80
1398,감과,80
1396,여름,80
1399,병행,80
1400,유전,80
1401,수포,80
1397,질문,80
1402,가장,79
1403,자연요법,79
1404,이물감,79
1405,용종이,79
1408,체온,78
1409,치유,78
1412,양,78
1407,인지,78
1406,관찰,78
1413,의식,77
1414,치조골염의,77
1415,외이도염의,76
1416,농도,76
1417,진통제,75
1418,오한,75
1419,아버지,75
1420,지방,74
1421,목소리,74
1422,유용,74
1429,냄새,73
1428,짐,73
1427,고통,73
1426,열의,73
1425,아랫배,73
1424,볼만,73
1423,외부,73
1430,건가요,72
1431,번,72
1432,어머니,72
1433,정신과,72
1434,섭취량,70
1435,구내염의,70
1436,변경,70
1437,년,70
1438,옆구리,70
1441,노력,68
1440,준비,68
1439,살이,68
1442,수영,67
1443,빈도,67
1444,정상적,66
1445,화장실,66
1446,과도,66
1447,중단,66
1448,땀,66
1449,비교,66
1450,검토,66
1455,운동법,65
1454,억제,65
1457,정형외과,65
1456,눈꺼풀,65
1451,환절기,65
1452,수분,65
1453,병인,65
1458,비수술,64
1462,담낭염의,64
1465,아들,64
1459,손발,64
1460,능력,64
1461,각질,64
1464,가정,64
1463,클리닉,64
1466,약화,64
1470,감,63
1471,팔,63
1473,인슐린,63
1469,키,63
1468,최근,63
1474,평균적,63
1467,임파선염의,63
1475,규칙적,63
1476,혈변,63
1477,유산소,63
1472,면,63
1478,우신,62
1479,간주,62
1480,교통사고,62
1481,겨울,62
1482,도,62
1486,무기력,61
1487,범위,61
1490,측정,61
1489,화학,61
1488,보통,61
1485,앞,61
1484,심리,61
1483,수행,61
1491,이식,60
1492,움직임,60
1493,분비,60
1501,차,59
1502,기분,59
1499,음식물,59
1498,소견,59
1500,활용,59
1497,머리카락,59
1496,응급치료,59
1495,하면,59
1494,한쪽,59
1508,식도염의,58
1516,후비,58
1513,병과,58
1512,성기,58
1511,하다,58
1510,인후,58
1509,봉와직염의,58
1506,지원,58
1507,대변,58
1515,초래,58
1505,열감,58
1504,상호,58
1503,인과,58
1514,청력,58
1519,양쪽,57
1521,조사,57
1520,두피,57
1518,교모세포종이,57
1517,친구,57
1523,크기,57
1522,덩어리,57
1524,상호작용,56
1526,전조,56
1527,바닥,56
1528,개월,56
1525,제품,56
1535,진드기,55
1531,수유,55
1534,발톱,55
1532,증과,55
1533,생각,55
1530,크림,55
1529,흉부,55
1543,흉,54
1536,충격,54
1537,기형,54
1539,분야,54
1540,섬유,54
1541,팽만,54
1542,가치,54
1549,아픔,53
1550,언급,53
1552,엑스레이,53
1551,단식,53
1547,기억력,53
1548,심전도,53
1546,한의원,53
1544,하루,53
1545,신우신염의,53
1559,예후,52
1553,량,52
1554,재,52
1555,사고,52
1556,구순염의,52
1557,등산,52
1558,종아리,52
1563,제가,51
1568,고기,51
1567,겨울철,51
1566,재활운동,51
1565,밑,51
1564,소개,51
1569,눈물,51
1562,참여,51
1561,로,51
1560,생리통,51
1570,요령,51
1575,조정,50
1577,봄,50
1576,에어컨,50
1574,사회적,50
1571,개발,50
1573,부모,50
1572,주로,50
1586,콜레스테롤,49
1585,현기증,49
1578,를,49
1579,정기,49
1580,내원,49
1581,자궁경부염의,49
1582,분,49
1587,동의,49
1590,필요성,49
1584,홍,49
1589,가루,49
1588,수영장,49
1583,치료제,49
1602,멍울,48
1597,포함되는지,48
1601,구매,48
1600,남편,48
1599,동물,48
1598,사망,48
1591,청소년,48
1596,진,48
1595,울,48
1594,물질,48
1593,대학,48
1592,불편감,48
1609,보호,47
1608,폰,47
1607,전형적,47
1606,권고,47
1605,변이,47
1604,과일,47
1603,현재,47
1616,목적,46
1621,조합,46
1620,갑상선염의,46
1619,응급실,46
1618,창의,46
1617,낭창의,46
1613,불안정,46
1615,일시적,46
1614,피검사,46
1612,감정,46
1611,혈중,46
1610,항목,46
1631,할머니,45
1630,야기,45
1629,하복부,45
1628,달,45
1627,꽃,45
1626,디스크,45
1625,세,45
1624,산,45
1623,엄지발가락,45
1622,알콜,45
1637,독감,44
1641,유행,44
1640,체력,44
1639,발전,44
1638,상승,44
1642,사물,44
1636,식재료,44
1635,갱년기,44
1634,재활법,44
1633,보충제,44
1632,장소,44
1643,새,44
1644,마스크,43
1646,잘못,43
1652,기록,43
1645,간헐적,43
1647,치은,43
1648,포함되어,43
1649,박동,43
1650,안경,43
1651,자극,43
1653,식이습관,43
1654,비뇨기과,43
1655,이름,43
1666,구역질,42
1664,노인,42
1665,강도,42
1667,선의,42
1668,색,42
1662,청결,42
1663,집중력,42
1660,단백뇨,42
1661,식이법,42
1659,케어,42
1658,아내,42
1657,가와사키병이,42
1656,소아과,42
1676,과거,41
1683,지침,41
1682,차단제,41
1681,야외,41
1684,재진단,41
1680,학과,41
1679,격리,41
1678,신경모세포종이,41
1677,혀,41
1671,엉덩이,41
1675,훈련,41
1674,날씨,41
1673,커피,41
1672,무리,41
1670,팔다리,41
1669,압박,41
1691,장기간,40
1697,각각,40
1696,실내,40
1695,직접적,40
1694,몸살,40
1693,생성,40
1692,침,40
1698,단백질,40
1700,사타구니,40
1689,진단법,40
1688,모유,40
1687,병명,40
1686,절제,40
1685,후의,40
1701,자제,40
1699,계신,40
1710,언제쯤,39
1709,살,39
1702,귀가,39
1703,연령대,39
1705,기구,39
1706,양치,39
1707,치은염의,39
1708,물체,39
1711,신호,39
1712,제,39
1713,식생활,39
1725,레,38
1723,회,38
1724,배출,38
1717,조카,38
1726,이전,38
1720,마디,38
1722,권고사항,38
1714,성생활,38
1719,해소,38
1718,식은땀,38
1716,거품,38
1715,성형외과,38
1737,옆,37
1739,육안,37
1738,시신경,37
1735,효과적일까요,37
1740,발의,37
1741,식욕부진,37
1734,해외,37
1736,출생,37
1733,스킨,37
1732,수집,37
1731,스킨케어,37
1730,화장품,37
1729,밥,37
1728,목적과,37
1727,휴식,37
1748,외의,36
1745,혜택,36
1747,배꼽,36
1746,보조적,36
1744,동일,36
1742,포도막,36
1754,의약품,35
1760,운전,35
1759,운,35
1758,낮,35
1757,부정적,35
1756,식이섬유,35
1755,예방주사,35
1750,우리,35
1753,일주일,35
1752,금주,35
1751,양치질,35
1763,영상검사,35
1749,가을,35
1762,사례,35
1761,피로감과,35
1765,조직검사,34
1767,전략,34
1766,렌즈,34
1770,촉진,34
1764,자기,34
1769,감기약,34
1768,부정,34
1773,의료진과의,34
1780,그것,34
1772,돌출,34
1774,운동의,34
1775,불명,34
1776,칼륨,34
1777,물건,34
1778,완전,34
1779,계신가요,34
1771,구멍,34
1781,모야모야병이,34
1782,상실,34
1783,찜질,34
1794,식후,33
1793,발생과정,33
1788,수액,33
1795,감염자,33
1796,끝,33
1791,아동,33
1792,여자,33
1785,피부질환,33
1790,청색증,33
1789,봄철,33
1787,병변,33
1786,코피,33
1784,예방수칙,33
1810,생식기,32
1808,가벼운,32
1809,점막,32
1803,갈증,32
1811,대학병원,32
1812,압력,32
1813,가이드라인,32
1806,탈수,32
1807,연결,32
1797,전염성,32
1805,불,32
1802,성형,32
1801,센터,32
1800,과로,32
1799,성적,32
1798,유일,32
1804,자국,32
1832,뒷,31
1836,신경계,31
1835,식별,31
1834,조동이,31
1833,지면,31
1829,부담,31
1831,전체,31
1830,단점,31
1828,옷,31
1824,의료시설,31
1825,이사,31
1827,추가적,31
1823,산소,31
1822,주부,31
1821,보청기,31
1820,동작,31
1819,장기적,31
1818,마취,31
1817,풀이,31
1816,예시,31
1815,요가,31
1814,식이적인,31
1826,현장,31
1849,인과관계,30
1861,인후통,30
1848,특수,30
1860,도중,30
1859,자연적,30
1858,위내시경,30
1857,겨드랑이,30
1856,편도선,30
1855,엄마,30
1854,계단,30
1852,사춘기,30
1851,피임약,30
1850,아래,30
1853,입원치료,30
1847,자,30
1841,만곡증,30
1846,온몸,30
1838,미열,30
1839,보습,30
1840,순환,30
1837,남자,30
1842,장기,30
1843,공급,30
1844,고지혈증,30
1845,수준,30
1871,바,29
1881,뒤꿈치,29
1880,르병이,29
1879,숨쉬기,29
1878,손실,29
1877,포도막염의,29
1876,탈모,29
1875,전문의사,29
1874,밀도,29
1873,림프절,29
1872,임,29
1870,궤양,29
1869,거리,29
1868,전문의료기관,29
1867,손등,29
1866,직장,29
1865,이어폰,29
1864,졸음,29
1863,감량,29
1862,손떨림,29
1894,칼,28
1887,연락처,28
1892,기,28
1891,대신,28
1890,스마트,28
1889,안정,28
1888,티,28
1893,마사지,28
1886,예방수단,28
1885,상,28
1884,소화기,28
1883,항체,28
1882,외부적,28
1916,가스,27
1905,등에,27
1914,의료진료,27
1913,아스피린,27
1912,조현병이,27
1911,글,27
1910,증상일,27
1909,농,27
1908,경직,27
1907,취약,27
1906,수축,27
1915,소금,27
1904,상관,27
1902,항암치료,27
1901,운동치료,27
1900,눈동자,27
1899,요통,27
1898,와의,27
1897,팔과,27
1896,유아,27
1903,자료,27
1935,패턴,26
1931,문진,26
1932,제어,26
1933,걱정,26
1934,수혈,26
1940,생존율,26
1936,라,26
1938,얼음,26
1939,경구,26
1928,주목,26
1941,심근염의,26
1929,유전성,26
1930,발음,26
1927,환자가,26
1921,부모님,26
1926,체,26
1917,물리적,26
1918,판정,26
1920,콘돔,26
1919,예방약,26
1922,카페인,26
1923,내부,26
1924,먼지,26
1925,증진,26
1947,교통,25
1951,협착으,25
1950,계절,25
1949,생체,25
1959,배가,25
1948,윗배,25
1942,성과,25
1946,불명열의,25
1945,색깔,25
1944,고생,25
1943,움,25
1953,보조제,25
1952,생활요법,25
1958,수술치료,25
1962,아프리카,25
1960,이미지,25
1957,볼,25
1954,침착,25
1964,오심,25
1963,화농성,25
1961,전조증상,25
1955,함,25
1956,소고기,25
2003,햇볕,24
2004,고환염의,24
1971,통원,24
2001,안압,24
2002,종일,24
2010,팽만감,24
1969,손톱,24
2009,인공,24
1968,오염,24
1967,작성,24
1966,외출,24
1965,식단과,24
2008,기와,24
2007,발병률,24
1972,채소,24
2006,동남아,24
2005,혈청,24
1998,색상,24
1973,의학,24
1999,함유,24
1975,변형,24
1997,소변량,24
1996,우울,24
1995,색소,24
1994,온도,24
1993,신뢰,24
1992,닭,24
1991,강아지,24
1990,시신경염의,24
1989,긍정적,24
1987,할아버지,24
1986,액체,24
1985,단과,24
1984,허벅지,24
1983,성교,24
1982,후두,24
1981,생리량,24
1980,냉동,24
2000,귀의,24
1979,퇴원,24
1978,인자,24
1977,개인적,24
1976,무엇인가요,24
2011,법과,23
2012,월,23
2013,인간,23
2014,심리치료,23
2029,일반적으로,23
2044,전과,23
2043,상관관계,23
2042,지인,23
2041,평생,23
2040,보험,23
2015,의욕,23
2038,흡연자,23
2037,터널,23
2036,성형수술,23
2035,기본적,23
2034,마,23
2032,스마트폰,23
2031,성행위,23
2030,성공,23
2039,조,23
2028,달리기,23
2021,혼동,23
2027,해외여행,23
2016,암을,23
2017,두경부암을,23
2019,시절,23
2020,삐,23
2018,벌레,23
2022,민간요법,23
2023,효과적인지,23
2024,약이,23
2025,감퇴,23
2026,안약,23
2061,소염제,22
2062,투석,22
2052,경부암,22
2060,샴푸,22
2059,구입,22
2058,사전,22
2057,의견,22
2056,공간,22
2055,성공적,22
2054,대체요법,22
2053,주기적,22
2047,기반,22
2051,빈뇨,22
2065,소비,22
2050,실신,22
2049,골밀도,22
2048,치질,22
2066,감이,22
2046,리,22
2045,이송,22
2067,딸,22
2075,신부전과,22
2074,가와사키병의,22
2068,생활방식,22
2064,돌기,22
2071,음성,22
2076,장시간,22
2073,지표,22
2072,원인균,22
2069,탐폰,22
2063,갈색세포종이,22
2070,건망증,22
2105,고령,21
2089,억제제,21
2102,치료방법,21
2101,즉시,21
2100,오,21
2099,기운,21
2098,안정제,21
2097,가정의,21
2095,부기,21
2094,붓,21
2093,무증상,21
2092,추위,21
2091,의심증,21
2090,림,21
2088,제약,21
2106,요도하열의,21
2087,내의,21
2086,발기,21
2085,우울감,21
2084,재활치료법,21
2083,심장병,21
2082,교육,21
2081,학교,21
2080,민간,21
2079,체질,21
2078,진물,21
2077,맥주,21
2104,병력,21
2108,전후,21
2107,철분,21
2134,부상,20
2120,아래쪽,20
2133,체중감소,20
2132,만,20
2131,통과,20
2130,식이생활,20
2129,발생률,20
2128,입력,20
2127,육류,20
2126,통제,20
2125,체형,20
2124,조리,20
2123,가이드,20
2122,여성호르몬,20
2121,보균자,20
2119,흔히,20
2118,한약,20
2117,보행,20
2116,가정의학과,20
2115,마디마디,20
2114,손바닥,20
2139,협착에,20
2113,구개,20
2136,공포,20
2111,둘,20
2110,횟수,20
2109,남용,20
2137,항암제,20
2138,주장,20
2135,백혈구,20
2162,구균,19
2169,인해,19
2161,생리적,19
2165,간격,19
2166,아이스,19
2167,보조기구,19
2168,보건소,19
2170,구두,19
2171,근거,19
2172,치약,19
2173,뾰루지,19
2174,눈앞,19
2175,담석증,19
2176,장치,19
2177,벽,19
2178,약과,19
2179,대가,19
2180,회음부,19
2181,성별,19
2182,불순,19
2163,약해,19
2164,샤워,19
2160,뒷목,19
2149,입증,19
2140,추적,19
2141,공장,19
2142,교정기,19
2143,해산물,19
2144,직업,19
2145,서로,19
2146,불가능,19
2159,식이법과,19
2148,청소년기,19
2147,기복,19
2150,밖,19
2153,일반인,19
2154,초점,19
2155,근무,19
2156,포함되어야,19
2157,루틴,19
2158,동맥,19
2196,판매,18
2190,포,18
2195,균형,18
2194,맥박,18
2193,요산,18
2192,히,18
2191,속이,18
2199,선택지,18
2189,시점,18
2187,알츠하이머병이,18
2186,모두,18
2185,대비,18
2184,하혈,18
2183,잔,18
2198,히스타민,18
2197,배변,18
2220,야간,18
2218,이물질,18
2210,표,18
2221,생활환경,18
2219,기생충,18
2217,벌,18
2216,칫솔질,18
2215,진이,18
2214,대화,18
2212,무언가,18
2211,정확도,18
2213,즘,18
2209,체계,18
2204,비율,18
2201,기력,18
2208,동생,18
2203,국가,18
2202,성격,18
2205,목과,18
2206,현대,18
2207,우선적,18
2200,탐,18
2243,체내,17
2250,예방조치,17
2244,아이스크림,17
2245,근처,17
2246,포인트,17
2247,소독,17
2248,의료기록,17
2249,보충,17
2253,후반,17
2251,꿈,17
2259,경,17
2258,못,17
2257,지에,17
2256,액,17
2255,엄지손가락,17
2254,케겔운동,17
2241,초기증상,17
2242,체크,17
2228,전문병원,17
2240,게임,17
2229,생리학,17
2222,양말,17
2223,공통적,17
2224,손끝,17
2225,청소,17
2226,차단,17
2227,뒤쪽,17
2230,포경수술,17
2239,폐렴구균,17
2231,명치,17
2233,만성적,17
2234,코골,17
2235,압박감,17
2236,입천장,17
2238,기능적,17
2252,소변검사,17
2304,공복,16
2299,치,16
2280,사정,16
2282,분석,16
2283,즉각적,16
2284,탄산,16
2286,외모,16
2287,세척,16
2288,화학요법,16
2289,날,16
2290,입맛,16
2291,떨림이,16
2292,알츠하이머병의,16
2293,설정,16
2295,요,16
2296,이동,16
2297,피질,16
2300,예정일,16
2301,임상,16
2302,신경학,16
2303,환기,16
2305,조개,16
2306,추측,16
2307,검색어,16
2308,실제,16
2309,정밀,16
2310,장애인,16
2311,과식,16
2281,개인별,16
2285,유제품,16
2279,상복부,16
2270,고혈당,16
2261,홈,16
2278,의료장비,16
2262,고산,16
2263,생존,16
2265,초등학생,16
2266,신청,16
2268,문의,16
2269,증인,16
2267,측면,16
2271,심혈관,16
2276,미세,16
2273,실수,16
2274,르병의,16
2272,박,16
2275,고민,16
2352,자주,15
2353,냉방,15
2354,발꿈치,15
2328,복숭아,15
2327,신경외과,15
2322,닭살,15
2326,목욕,15
2323,한,15
2325,나라,15
2324,특화,15
2329,문서,15
2364,걸음걸이,15
2331,엄지,15
2338,신부전이,15
2355,학생,15
2337,무,15
2330,우울제,15
2336,염일,15
2335,욕구,15
2334,방안,15
2332,쌍꺼풀,15
2340,오줌,15
2320,조금,15
2333,종합,15
2339,압통,15
2321,배양,15
2367,발뒤꿈치,15
2318,암종이,15
2357,탄수화물,15
2360,돌발성,15
2359,서류,15
2358,제제,15
2349,잔뇨감,15
2350,염색체,15
2348,의료전문가,15
2347,항우울제,15
2346,신속,15
2345,충족,15
2344,형간염,15
2343,중년,15
2342,최적,15
2317,연령층,15
2368,두경부암이,15
2365,인두,15
2351,물놀이,15
2363,치료약,15
2312,임플란트,15
2341,과체중,15
2313,아버님,15
2356,표적,15
2314,모낭,15
2315,문진표,15
2316,쇠약,15
2361,심장질환,15
2362,암이,15
2376,채취,15
2369,부정출혈,15
2370,지능,15
2371,조증,15
2372,소아청소년,15
2373,상체,15
2374,작,15
2375,한의,15
2377,로션,15
2378,딱지,15
2379,소음,15
2366,인식,15
2440,피임,14
2418,안전성,14
2419,주사치료,14
2431,자가진단법,14
2439,명칭,14
2416,혈액순환,14
2417,수면제,14
2411,대응,14
2415,응급처치,14
2414,다량,14
2413,캠핑,14
2412,위궤양,14
2437,페니실린,14
2438,타이,14
2420,파,14
2436,놀,14
2435,녹색,14
2434,수립,14
2433,사진,14
2432,표현,14
2409,몸무게,14
2430,유산균,14
2429,정맥,14
2428,생활치료,14
2427,타이레놀,14
2426,잠복,14
2425,갑상선호르몬,14
2424,노란색,14
2423,위생적,14
2410,정액,14
2403,조동의,14
2408,시가,14
2407,종과,14
2380,껌,14
2381,유치원,14
2382,명상,14
2383,행위,14
2384,강,14
2385,상의,14
2386,빛,14
2387,원칙,14
2388,초등학교,14
2389,척,14
2390,차지,14
2391,유일한,14
2392,척추측,14
2393,학적,14
2394,어패류,14
2395,사이트,14
2396,근육량,14
2397,모야모야병의,14
2398,목감기,14
2399,식사량,14
2400,염분,14
2401,재활방법,14
2402,혼수상태,14
2421,무력감,14
2404,긴급,14
2405,선호,14
2406,심장박동,14
2422,식이조절,14
2468,오르기,13
2469,중추,13
2494,팔꿈치,13
2492,부과,13
2491,홍반,13
2490,으,13
2489,항히스타민,13
2488,에너지,13
2487,방치,13
2486,언어치료,13
2485,장갑,13
2484,영,13
2483,운동화,13
2482,이로,13
2466,욕,13
2480,붓기와,13
2479,혁신적,13
2478,힘줄,13
2477,도착,13
2476,중기,13
2475,성접촉,13
2467,파괴,13
2473,제외,13
2472,뇌신경,13
2471,상복,13
2470,검색,13
2493,구취,13
2495,보조도구,13
2441,자세한,13
2496,시력저하,13
2442,단축,13
2443,경색,13
2444,세한,13
2445,낭종이,13
2446,감염병,13
2447,요양,13
2448,스케일링,13
2449,신부전증,13
2450,병원체,13
2451,양이,13
2452,의사소통,13
2453,껍질,13
2454,스프레이,13
2456,확산,13
2457,고도,13
2458,아빠,13
2459,발적,13
2460,뒷골,13
2461,정,13
2462,이명증,13
2463,구개열의,13
2464,각막,13
2465,모,13
2481,평가하나,13
2564,해결책,12
2573,치명적,12
2546,구진,12
2553,사지,12
2552,땅콩,12
2551,냉,12
2550,환각,12
2549,섬유질,12
2548,삶,12
2547,내장,12
2545,짜증,12
2555,중앙,12
2544,습,12
2543,가운데,12
2542,점액,12
2541,신경과,12
2540,법이,12
2539,경과,12
2538,결합,12
2554,거미줄,12
2556,주부습진,12
2577,객담,12
2567,복용량,12
2575,입냄새,12
2574,무기력증,12
2572,한번,12
2571,만성골수성백혈병,12
2570,도수,12
2569,저녁,12
2568,방향,12
2566,면봉,12
2557,발성,12
2565,바람,12
2563,해열제,12
2562,타인,12
2561,실명,12
2560,조치사항,12
2559,투,12
2558,클라,12
2537,날파리,12
2535,순환기,12
2534,채식,12
2506,검버섯,12
2513,용해제,12
2512,자전거,12
2511,집중,12
2510,간질,12
2509,알갱이,12
2508,남,12
2507,담당,12
2505,간경변증,12
2533,간이,12
2504,포만감,12
2503,불안감,12
2502,어머님,12
2501,양상,12
2499,양식,12
2498,갈비뼈,12
2497,입구,12
2514,운동요법,12
2515,책,12
2516,관리법,12
2517,주가,12
2532,흐름,12
2531,부신피질,12
2530,전달,12
2529,르병과,12
2528,테스,12
2527,플란트,12
2526,선글라스,12
2525,자궁경부,12
2524,이뇨제,12
2523,건강보험,12
2522,류마티즘,12
2521,전문가와의,12
2520,보존,12
2519,관절통,12
2518,확장,12
2576,환청,12
2597,부비동염과,11
2596,얼음찜질,11
2578,하품,11
2625,별,11
2618,정리,11
2619,서비스,11
2620,요오드,11
2621,수록,11
2622,증이,11
2623,변동,11
2624,뒷꿈,11
2626,응급상황,11
2616,생산,11
2627,군,11
2628,범,11
2629,자녀,11
2630,정기검진,11
2631,자신,11
2579,체조,11
2633,세안,11
2617,미만,11
2615,고혈압약,11
2635,언니,11
2605,관심,11
2598,목록,11
2599,신물,11
2600,턱뼈,11
2601,지장,11
2602,대장내시경,11
2603,원형,11
2604,동통,11
2606,새벽,11
2614,물혹,11
2607,연관되어,11
2608,일종,11
2609,쿠싱증후군,11
2610,위산,11
2611,적출술,11
2612,안개,11
2595,기계,11
2634,류마티스성,11
2632,듯,11
2636,엘리베이터,11
2588,산책,11
2657,꺼,11
2658,종양혈액질환,11
2637,건초,11
2592,시력장애,11
2591,수포성,11
2590,응급조치,11
2589,제출,11
2587,수도,11
2655,혈류,11
2586,잠복기,11
2585,연예인,11
2584,목뒤,11
2583,탄산음료,11
2582,높으,11
2581,며칠,11
2580,금,11
2656,발휘,11
2659,모습,11
2593,일정,11
2645,중등,11
2638,앞쪽,11
2639,효능,11
2640,식도염과,11
2641,농구,11
2653,울음소리,11
2643,감정기복,11
2644,지양,11
2642,굳은살,11
2646,원활,11
2647,긴장,11
2648,중심,11
2649,과민,11
2650,생활과,11
2651,유사하다,11
2652,키트,11
2763,것들,10
2772,소화기질환,10
2771,생활법,10
2770,기술적,10
2768,머리뼈,10
2767,딸아이,10
2766,어린이집,10
2765,자동차,10
2764,아동기,10
2695,구성원,10
2762,생리주기,10
2717,청력장애,10
2726,하얀색,10
2725,흉통과,10
2724,항암화학요법,10
2722,우상,10
2721,분유,10
2720,대인,10
2719,나중,10
2718,연구결과,10
2716,통원치료,10
2728,건강관리,10
2715,발기부전,10
2714,불쾌,10
2713,전자,10
2712,가설,10
2711,가슴통증,10
2710,이드,10
2709,케겔,10
2708,조현병과,10
2727,피로감이,10
2729,심근경색,10
2706,요양병원,10
2740,부음,10
2748,남녀,10
2747,거림,10
2746,조류인플루엔자,10
2761,언어장애,10
2744,시험,10
2743,라식,10
2742,위쪽,10
2741,결핵균,10
2739,우상복부,10
2730,초조,10
2738,요양원,10
2737,바늘,10
2736,불쾌감,10
2735,결,10
2734,식염수,10
2733,소식,10
2732,김밥,10
2731,하체,10
2707,삽입,10
2705,아의,10
2751,혈관성,10
2671,골반통증,10
2679,건강식품,10
2678,행동치료,10
2677,사무실,10
2676,월경통,10
2675,기의,10
2674,보호자,10
2673,진전증,10
2672,눈썹,10
2670,한방,10
2681,초콜릿,10
2669,듯이,10
2668,경향,10
2667,물림,10
2666,구이,10
2665,마라톤,10
2664,눈병,10
2663,치사율,10
2662,지대,10
2680,진료과의,10
2682,콜라,10
2704,조깅,10
2694,붉은색,10
2703,문제점,10
2702,발끝,10
2701,발등,10
2700,침대,10
2699,표적치료제,10
2698,기능저하증,10
2697,최선,10
2696,시스템,10
2693,싱,10
2683,좁쌀,10
2692,변색,10
2690,개인위생,10
2689,우리나라,10
2688,수가,10
2687,제의,10
2686,변비약,10
2685,습관적,10
2684,드라마,10
2750,모니터,10
2745,강직,10
2760,섹,10
2759,고강도,10
2758,이러스,10
2757,호소,10
2756,라섹,10
2755,악취,10
2754,진료과정,10
2753,기립성,10
2752,페,10
2851,보톡스,9
2806,중추신경계,9
2810,동양인,9
2809,부근,9
2808,과한,9
2807,진행과정,9
2852,의존,9
2805,편안,9
2804,원,9
2803,맥,9
2802,콜,9
2812,깁스,9
2811,좋을까요,9
2817,편도염과,9
2813,유방증,9
2814,항바이러스,9
2815,전문분야,9
2816,참고,9
2799,피로함,9
2818,지가,9
2819,수질,9
2820,생식력,9
2821,건초염의,9
2822,생활가이드,9
2823,스스로,9
2800,음경,9
2794,사망률,9
2798,뇌신경정신질환,9
2797,전염병,9
2774,팽창,9
2775,체외,9
2776,한의학,9
2777,칼로리,9
2778,피부발진,9
2779,인공눈물,9
2780,류마티스열,9
2781,비말,9
2782,비강,9
2783,대한,9
2784,흉부외과,9
2785,신체검사,9
2786,뜻,9
2787,처음,9
2788,증이란,9
2789,의자,9
2790,남아,9
2791,보일러,9
2792,아치,9
2793,고무,9
2825,순서,9
2795,추운,9
2796,침구,9
2824,미생물,9
2801,눈곱,9
2826,공통점,9
2867,검진센터,9
2880,초반,9
2879,야채,9
2878,설문,9
2877,속옷,9
2876,산전,9
2875,헬스장,9
2874,약물요법,9
2873,고지방,9
2872,식사습관,9
2871,창고,9
2870,과음,9
2869,폐경기,9
2868,유전질환,9
2866,단계적,9
2882,청,9
2865,복부비만,9
2864,피지,9
2863,용종과,9
2862,충격파,9
2861,갑,9
2860,근거리,9
2859,워터,9
2827,생리불순,9
2850,운동량,9
2856,모공성,9
2855,시각,9
2854,공성,9
2853,대책,9
2881,베개,9
2858,가열,9
2883,소실,9
2841,항원,9
2829,오메가,9
2884,집이,9
2828,함의,9
2831,치료과정,9
2832,스캔,9
2833,저항성,9
2834,인스턴트,9
2835,축적병이,9
2836,밀가루,9
2837,청진,9
2838,최대한,9
2839,감지,9
2840,떡,9
2830,요구,9
2842,달성,9
2844,클라미디아,9
2845,미디아,9
2846,무엇인지,9
2847,도하,9
2848,표면,9
2849,종합병원,9
2888,리코,9
2887,직업적,9
2885,심박수,9
2886,사스,9
2843,무호흡,9
3044,귓속,8
3041,준비물,8
3042,계절적,8
3043,함량,8
3049,많으,8
3045,낭창이,8
3046,콩팥,8
3047,미용,8
3048,이상한,8
3027,조현병의,8
3040,모자,8
3035,전기,8
3039,사구체신염의,8
3038,자가치료,8
3036,평,8
3034,워터파크,8
3033,오후,8
3032,이론적,8
3031,파크,8
3030,결함,8
3029,고리,8
3028,요도염,8
3051,계통,8
3050,창이,8
3063,홍반과,8
3052,판막,8
3066,팩,8
3025,동물성,8
3075,노폐물,8
3074,골수검사,8
3073,화가,8
3072,비뇨기,8
3071,광선,8
3070,동,8
3069,유통,8
3068,평면,8
3067,조개구이,8
3065,둘레,8
3053,본태성,8
3064,제모,8
3062,인지기능,8
3061,석이,8
3060,목욕탕,8
3059,근본적,8
3058,반과,8
3057,잔기침,8
3056,쇠,8
3055,위절제술,8
3054,말음,8
3026,음료수,8
3002,유,8
3024,신경섬유종이,8
2938,줄,8
2923,농가진이,8
2924,소아기,8
2926,루,8
2927,식물,8
2928,압박감과,8
2929,혼자,8
2930,목구멍,8
2931,보조치료,8
2932,문,8
2933,무력,8
2934,하수체,8
2935,검사법,8
2936,절개,8
2937,프로,8
2939,도달,8
2921,개념,8
2940,야간운전,8
2941,복강경,8
2942,거품뇨,8
2943,어르신,8
2944,퍼센트,8
2945,거울,8
2946,골격,8
2947,축적병의,8
2948,기존,8
2949,팽만감과,8
2950,강의,8
2951,무릎관절염,8
2952,위해,8
2953,외과적인,8
2922,피해,8
2920,호,8
2955,맛,8
2903,사탕,8
2971,동남아시아,8
2890,근본,8
2891,처,8
2892,접촉성,8
2893,허리통증,8
2894,육식,8
2895,포도당,8
2896,설탕,8
2897,주실,8
2898,구순구개열,8
2899,마우스,8
2900,경기,8
2901,장애아,8
2902,외적,8
2904,온찜질,8
2919,균제,8
2905,만큼,8
2906,윗,8
2907,뇌질환,8
2908,근본적인,8
2909,양수검사,8
2910,불균형,8
2911,치실,8
2912,볼거리,8
2913,권태감,8
2914,자각,8
2915,기타,8
2916,공명,8
2917,결절종이,8
2918,명이,8
2954,일자,8
2970,직후,8
2956,농가,8
3007,적응,8
2992,정신치료,8
2993,연하,8
2994,지도,8
2995,인후염,8
2997,대기,8
2998,영유아,8
2999,복부팽만,8
3000,한의학적,8
3001,죽,8
2889,무좀약,8
3003,세수,8
3004,핵심,8
3005,현미경,8
2957,흔들림,8
3008,의료과,8
2990,연하장애,8
3009,독,8
3010,제때,8
3011,중환자실,8
3012,실외,8
3013,목덜미,8
3014,무의식,8
3015,조혈,8
3016,물집이,8
3017,이산화,8
3018,생식기관,8
3019,부주의,8
3020,당,8
3021,이산화탄소,8
3022,구역,8
2991,배우자,8
3006,마음,8
2989,의부증,8
2973,중독증,8
2958,졸,8
2988,정서적,8
2959,핸드폰,8
2960,판별,8
2961,근골격계,8
2962,골격계,8
2963,증후,8
2964,칫솔,8
2965,푸스,8
2967,쥐,8
2968,타기,8
2969,적극적,8
2972,구충제,8
3023,물소리,8
2966,중학생,8
2974,은,8
2980,설문조사,8
2987,당분,8
2985,조성,8
2984,생명,8
2983,동료,8
2982,중이염과,8
2981,집단,8
2986,호흡수,8
2979,시간적,8
2978,정신건강,8
2977,당뇨병망막병증,8
2976,내과적인,8
2975,냉찜질,8
3203,배추,7
3209,회사,7
3208,외관상,7
3207,에이즈,7
3206,혼란,7
3205,당근,7
3204,생물학,7
3200,고령자,7
3201,맹장,7
3211,항문성교,7
3199,바지,7
3198,작업치료,7
3197,만삭,7
3195,뇌척수액,7
3196,괴,7
3210,이마,7
3226,원격,7
3212,정수리,7
3221,생리양,7
3193,순환기내과,7
3227,공,7
3225,양의,7
3224,혈압계,7
3223,병리,7
3222,외이도염과,7
3220,절,7
3213,자가검진,7
3219,효과적인가요,7
3218,가격,7
3217,여아,7
3216,신뢰성,7
3215,영양가,7
3214,또래,7
3194,실천적,7
3202,도수치료,7
3192,멸치,7
3118,의처증,7
3106,노년기,7
3107,트림,7
3108,야생,7
3109,진료과로,7
3110,성욕,7
3111,동네의원,7
3112,끝부분,7
3113,근골격질환,7
3114,고온,7
3115,습도,7
3116,마사,7
3117,벌초,7
3119,인유두종,7
3133,예측,7
3120,유무,7
3121,고관절,7
3122,저항,7
3123,작동,7
3124,무기력감,7
3125,소량,7
3126,결핵성,7
3127,학업,7
3128,저탄,7
3129,영양분,7
3130,길,7
3131,담낭절제술,7
3105,투명,7
3104,테,7
3103,내부적,7
3102,하이힐,7
3076,신이,7
3078,알약,7
3079,초경,7
3080,고무장갑,7
3081,미세먼지,7
3082,이내,7
3083,볏,7
3084,충동적,7
3085,전문기관,7
3086,췌장,7
3087,미,7
3088,충수,7
3089,부작,7
3090,전환,7
3091,심잡음,7
3092,계란,7
3093,경구피임약,7
3094,옆집,7
3095,부위별,7
3096,메디,7
3097,씨,7
3098,최고,7
3191,뇌손상,7
3100,명,7
3101,방해,7
3132,공유,7
3099,면역전자현미경,7
3134,후속,7
3163,위의,7
3165,항바이러스제,7
3166,피부병,7
3167,수건,7
3168,고지,7
3169,좌욕,7
3171,항진균제,7
3172,주머니,7
3173,외형,7
3174,고양이,7
3175,검지,7
3176,위주의,7
3177,음주량,7
3178,재건,7
3179,모니터링,7
3181,금식,7
3182,살인,7
3183,열대,7
3184,증후근,7
3185,축농증,7
3186,반이,7
3187,지혈,7
3188,핏줄,7
3135,흡입,7
3189,부부,7
3190,담,7
3164,필수,7
3180,양배추,7
3162,정신병,7
3148,식물인간,7
3137,소세포성,7
3136,사면,7
3138,음모,7
3139,폐부종,7
3161,내분비,7
3140,성장통,7
3141,종결,7
3142,숙면,7
3144,위경련,7
3145,경감,7
3146,반신,7
3147,젬시,7
3143,의심시,7
3149,젬,7
3153,극단적,7
3158,식품군,7
3159,근시가,7
3160,화,7
3155,옻나무,7
3157,피멍,7
3154,머신,7
3152,재활병원,7
3151,콘택트,7
3150,대체적,7
3156,헛기침,7
3401,제한사항,6
3400,교합,6
3402,미간,6
3403,기간동안,6
3404,남자아이,6
3407,기저귀,6
3405,자살,6
3406,어금니,6
3413,청정제,6
3408,절단,6
3409,놀이,6
3410,폴리오,6
3411,연령대별,6
3398,처리,6
3412,보스,6
3399,약물처방,6
3388,검,6
3397,밀폐,6
3396,단기간,6
3415,아폴로,6
3381,마약,6
3382,찬물,6
3383,대퇴부,6
3384,대별,6
3385,폐활량,6
3386,것이,6
3387,인두유종,6
3389,백과,6
3390,창백과,6
3391,컨디션,6
3392,몽우리,6
3393,백숙,6
3394,유종,6
3395,담낭염과,6
3414,치아교정,6
3442,몸조리,6
3416,대퇴골,6
3445,분점,6
3437,계열,6
3438,리코박터,6
3439,오른손,6
3440,러,6
3441,형성이상증,6
3444,입속,6
3446,소화기내과,6
3435,쌍둥이,6
3447,해부학,6
3448,요구사항,6
3449,베트남,6
3450,심장마비,6
3451,관점,6
3379,이완,6
3436,일자목,6
3434,주사기,6
3417,기전,6
3424,아킬레스건,6
3418,구강청정제,6
3419,적색,6
3420,기온,6
3421,체지방,6
3422,모유수유,6
3423,독서,6
3425,대수술,6
3433,얼룩,6
3426,마른,6
3427,혈압약,6
3428,무산소,6
3430,지체장애아,6
3431,파일,6
3432,후각,6
3380,자궁경관,6
3331,골수이식,6
3378,코스,6
3283,작고,6
3281,윗부분,6
3280,이갈이,6
3279,보관,6
3278,인지장애,6
3276,연령별,6
3275,근력운동,6
3274,돌봄,6
3273,응급치료법,6
3272,말하기,6
3271,폐부,6
3270,마취제,6
3269,고산지대,6
3268,헛것,6
3267,인접,6
3266,구강내,6
3282,코르티,6
3284,빨간색,6
3264,기량,6
3285,들개,6
3300,갑각류,6
3299,러닝,6
3298,약간,6
3297,흡입기,6
3296,획득,6
3295,귀두,6
3294,아래턱,6
3293,눈꼽,6
3292,상한,6
3291,생리전,6
3290,두개골,6
3289,결합조직,6
3288,구조,6
3287,불화,6
3286,입이,6
3265,기형아,6
3263,티스,6
3302,코로나바이러스,6
3244,위급,6
3242,기능장애,6
3241,기후,6
3240,배탈,6
3239,질활,6
3238,손과,6
3237,초과,6
3236,서도,6
3235,사건,6
3234,활,6
3233,가을철,6
3232,나도,6
3231,출혈량,6
3230,사우나,6
3229,요도하,6
3228,천,6
3243,해지,6
3245,이의,6
3262,파키,6
3246,종기,6
3261,영화,6
3260,족부질환,6
3259,폴리스,6
3258,글자,6
3257,건강상의,6
3256,프로폴리스,6
3255,별개,6
3254,가기,6
3253,복싱,6
3252,성교통,6
3251,상급,6
3250,밴드,6
3249,문란,6
3248,과목,6
3377,환아,6
3301,벗겨짐,6
3247,전단계,6
3303,병인가요,6
3359,예정,6
3357,집착,6
3356,고마그네슘혈증으,6
3355,원래,6
3354,러지,6
3353,약재,6
3352,기능항진증,6
3351,아,6
3350,희귀,6
3349,의존증,6
3348,농양,6
3347,수포가,6
3346,런닝,6
3345,맞춤,6
3344,비늘,6
3343,보호구,6
3358,전엽,6
3360,이차,6
3341,구강내의,6
3361,페색성,6
3372,통해,6
3373,기름,6
3371,연부,6
3374,루푸스,6
3375,검사결과,6
3304,하부,6
3370,침투,6
3376,주사요법,6
3369,분수,6
3368,디,6
3367,신호등,6
3365,종창,6
3364,시각적,6
3363,잠복결핵,6
3362,엽,6
3342,외꺼,6
3366,얼굴색,6
3340,시간대,6
3314,일광욕,6
3319,신장이식,6
3339,평균,6
3317,혈전용해제,6
3316,지방질,6
3305,충,6
3315,페결핵,6
3313,페인트,6
3321,혈담,6
3309,성향,6
3310,배속,6
3311,린,6
3308,인지능력,6
3306,구내염과,6
3307,레메디,6
3320,아열대,6
3318,우,6
3322,고협압,6
3332,시겔라균,6
3338,유산소운동,6
3337,원발성,6
3336,체액,6
3335,연고치료,6
3334,수축기,6
3323,간식,6
3333,입학,6
3312,포가,6
3330,겔,6
3329,요즘,6
3328,공격,6
3327,측정기,6
3326,동전,6
3325,미역국,6
3324,골반통,6
3671,숙모,5
3673,울음,5
3675,잔변감,5
3676,취미,5
3677,웹,5
3678,장마철,5
3679,웹사이트,5
3672,피부색,5
3692,선택적,5
3680,용량,5
3681,구약,5
3682,예전,5
3683,년간,5
3685,렙,5
3686,저항성과,5
3687,상부,5
3688,국내,5
3689,생선,5
3690,버릇,5
3691,척수근육위축증,5
3669,호흡불안,5
3693,허리디스크,5
3670,아과,5
3655,선천,5
3668,밤눈,5
3667,유도,5
3695,복용시,5
3641,하선염,5
3642,구토감,5
3643,이력,5
3644,공부,5
3645,산행,5
3646,표지판,5
3639,유전학,5
3647,소통,5
3648,무릎통증,5
3649,이중,5
3650,스테로,5
3651,구순염과,5
3652,주사제,5
3653,식이장애,5
3654,감각이상,5
3657,층,5
3658,성거,5
3659,대결장,5
3660,선생님,5
3661,영유,5
3662,웃음,5
3663,고밀도,5
3664,향,5
3665,차도,5
3694,혼잣말,5
3728,발목염좌,5
3696,중외,5
3697,적출,5
3727,집안,5
3729,살균,5
3730,있을,5
3731,점프,5
3732,유리,5
3733,테크닉,5
3734,번째,5
3735,신우신염과,5
3736,휴대폰,5
3737,각기병,5
3738,효과가,5
3739,스쿼트,5
3740,구의,5
3741,부정교합,5
3742,부신수질,5
3743,편도염,5
3744,유명,5
3745,태도,5
3746,노산,5
3747,중독자,5
3748,채택,5
3749,뇌혈관,5
3750,외이,5
3751,다섯,5
3752,얼마만큼,5
3726,탈출,5
3725,보조기,5
3724,높이,5
3710,갑상선기능,5
3698,신종플,5
3699,완료,5
3700,성징,5
3701,약물복용,5
3702,증거,5
3703,다수,5
3704,가름,5
3705,교체,5
3706,내가,5
3708,두통약,5
3709,붉은빛,5
3711,시대,5
3723,광대,5
3712,급성신우,5
3713,부차적,5
3714,조명,5
3715,폐기능,5
3716,한의학과,5
3717,열성,5
3718,다뇨증,5
3719,연결고리,5
3720,드로,5
3721,성조숙증과,5
3722,연,5
3640,배뇨시,5
3487,측,5
3638,귀마개,5
3452,독소,5
3454,몽유병,5
3455,정신질환,5
3456,전문과,5
3457,처방전,5
3458,멕시코,5
3459,동창,5
3460,심각하다,5
3461,진찰,5
3462,산통,5
3463,심초음파,5
3464,약품,5
3465,간수치,5
3466,기한,5
3467,대형,5
3468,고정,5
3469,발볼,5
3470,주면,5
3471,침침해,5
3472,제시,5
3453,요로감염,5
3522,기저,5
3544,감상,5
3523,농장,5
3542,예방방법,5
3541,시선,5
3540,사면발,5
3539,살인가요,5
3538,폐혈증,5
3537,태동,5
3536,태,5
3535,저개발,5
3534,도가,5
3533,미디어,5
3532,필요하다,5
3531,극대화,5
3530,운동치료법,5
3529,개가,5
3528,결혼,5
3527,그림자,5
3526,흡수,5
3525,뼈마디,5
3524,운동성,5
3474,치주,5
3476,티즘,5
3477,검출,5
3478,실패,5
3504,킹,5
3505,청진기,5
3506,스타,5
3507,심신,5
3508,두려움,5
3509,유해,5
3510,압박스타킹,5
3511,모발,5
3512,발병과정,5
3513,보건,5
3517,절주,5
3516,혈색소,5
3518,조혈모세포,5
3521,대인치료,5
3514,가습기,5
3519,곳곳,5
3515,닭고기,5
3520,임상증상,5
3637,회복기,5
3503,염식,5
3501,간접,5
3500,패스,5
3489,하위,5
3479,월경과다,5
3480,유통기한,5
3481,동그라미,5
3482,조리법,5
3483,더위,5
3485,스포츠,5
3486,거인증,5
3488,기절,5
3490,일광,5
3499,가도,5
3491,편마비,5
3492,출산일,5
3493,핀,5
3494,교육적,5
3495,전문의와의,5
3496,소증,5
3497,식과,5
3498,간기능,5
3543,정렬,5
3475,침해,5
3546,진단명,5
3614,중반,5
3612,타,5
3611,점안,5
3610,고등학생,5
3609,배설,5
3608,면역치료,5
3607,역,5
3606,뒷머리,5
3605,사용법,5
3604,심낭,5
3603,자주색,5
3602,판,5
3601,점안액,5
3600,신한,5
3599,털이,5
3598,정면,5
3597,운동장애,5
3596,격리치료,5
3595,수직,5
3594,등반,5
3613,선과,5
3615,겹,5
3592,복압,5
3616,부가,5
3636,알츠하이머병과,5
3635,선종,5
3634,초,5
3633,창과,5
3632,현황,5
3631,잎,5
3629,개고기,5
3628,전해질,5
3627,결핵약,5
3547,누출,5
3625,저희,5
3624,새끼,5
3623,하선,5
3622,단백,5
3621,신장비뇨기질환,5
3620,잡티,5
3619,무력감과,5
3618,빗,5
3617,주맙,5
3593,몸통,5
3626,미각,5
3548,위험성과,5
3569,시청,5
3567,부작욕,5
3566,축적병과,5
3565,판단력,5
3564,거북,5
3563,지남력,5
3562,잔변감과,5
3561,팬티,5
3559,심장판막,5
3558,대해,5
3552,길이,5
3551,암세포,5
3549,가야하나,5
3557,스테로이드제,5
3550,알,5
3556,요청,5
3555,심장내과,5
3591,신고,5
3554,청결히,5
3553,계속적,5
3568,텔레비전,5
3560,공공,5
3570,건강습관,5
3583,저개발국가,5
3587,여유,5
3584,혈전증,5
3582,생후,5
3588,매일,5
3586,코르티코이드,5
3585,기능상의,5
3581,구조적,5
3589,항경련제,5
3580,미혼,5
3578,유아기,5
3590,식이생활과,5
3577,기원,5
3576,표피,5
3575,피떡,5
3574,여성질환,5
3573,간경,5
3572,봉합,5
3571,시약,5
4081,위생관리,4
4085,혈침,4
4082,감염환자,4
4083,물방울,4
4084,상처자국,4
4080,토마토,4
4075,외인,4
4079,윤활,4
4078,전립선비대증,4
4077,내인,4
4076,중격결손,4
4074,영향을,4
4073,열감기,4
4072,임기,4
4071,소화기계,4
4070,시의,4
4069,중동급성호흡기,4
4068,유선,4
4087,자가치료법,4
4086,청각,4
4111,반려,4
4088,부분적,4
4066,멀미,4
4109,거담제,4
4108,격투기,4
4107,진행성,4
4106,필라테스,4
4105,스타킹,4
4104,핏,4
4103,핏덩어리,4
4102,염제,4
4101,항염제,4
4100,염진통제,4
4089,정적,4
4099,열일,4
4098,연령대가,4
4097,감기몸살,4
4095,위험인자,4
4094,어른,4
4093,공격적,4
4092,신체운동,4
4091,고려하나,4
4090,비대해지,4
4067,부가적인,4
4047,제거술,4
4065,재활법이,4
4064,유전병,4
4038,종아지,4
4037,아치형,4
4036,김,4
4034,골든,4
4032,작열,4
4031,조부모,4
4030,말씀,4
4029,야간뇨,4
4028,식욕감퇴,4
4027,성기단순포진,4
4026,임시,4
4025,고등어,4
4024,함기량,4
4023,급식,4
4022,속눈썹,4
4021,살갗,4
4020,오미자,4
4019,거부,4
4018,각혈,4
4017,폐렴증상,4
4016,초등,4
4039,아지,4
4040,수정체,4
4041,월경량,4
4054,홍것,4
4063,발뒷꿈,4
4062,급성중이염의,4
4061,드림,4
4060,눈부심,4
4059,방귀,4
4058,상실증,4
4057,약물부작용,4
4056,콘택트렌즈,4
4055,물속,4
4053,출산기의,4
4042,기가,4
4052,중증도,4
4051,낙상,4
4050,과일향,4
4049,청취,4
4048,편도선염의,4
4046,학대,4
4045,비행기,4
4044,잠시,4
4043,급성심근경색증,4
4110,매개체,4
4197,뱃속,4
4112,종합적,4
4177,다음,4
4187,대증,4
4186,짜장면,4
4185,무산소운동,4
4184,임질균,4
4183,도움이,4
4182,두경부암이라는,4
4181,요도입구,4
4180,스팀,4
4179,소장,4
4178,고개,4
4176,세균감염,4
4113,시중,4
4175,그룹,4
4174,당류,4
4173,성교시,4
4172,시어머니,4
4171,꿀,4
4170,재생,4
4169,입꼬리,4
4168,타임,4
4167,출처,4
4166,준비사항,4
4188,외가,4
4189,중학교,4
4190,대음순,4
4191,신랑,4
4213,염증성유방암,4
4212,확장기,4
4211,오징어,4
4210,종괴,4
4209,허리둘레,4
4208,스테로이드제제,4
4207,확장증,4
4206,심리적인,4
4205,정부,4
4204,반신마비,4
4203,고단백,4
4201,인지치료,4
4200,복시가,4
4199,칼슘제,4
4198,대음,4
4014,화면,4
4196,구개열과,4
4195,걸음,4
4194,음,4
4193,모세,4
4192,점암액,4
4165,시금치,4
4164,외반,4
4163,도로,4
4137,하시모토,4
4135,정밀검사,4
4134,폐렴균,4
4133,주간,4
4132,결여,4
4131,모토,4
4130,새끼발가락,4
4129,외력,4
4128,다도,4
4127,탈수증,4
4126,망막증,4
4125,윗입술,4
4124,식이법이,4
4122,기름보일러,4
4121,시신경염증,4
4120,말라리아병,4
4119,채,4
4118,중탄산염,4
4117,친정,4
4116,한국인,4
4115,화학적,4
4114,활동적,4
4136,레깅스,4
4138,상피세포,4
4162,대증요법,4
4139,윤활액,4
4161,의치,4
4160,주수,4
4159,현실,4
4157,백일해균,4
4156,도박,4
4155,초록색,4
4154,연습,4
4153,증후군일,4
4152,소아의,4
4151,포피,4
4150,전반,4
4149,레티,4
4148,혼탁,4
4147,뒷부분,4
4146,무기력감과,4
4145,환경오염,4
4144,재활과정,4
4143,만이,4
4142,정도로,4
4141,강황,4
4140,왕성,4
4015,무시,4
4123,전술,4
4013,성형술,4
3881,작업장,4
3847,연락,4
3846,혈색,4
3845,비중격만곡증,4
3844,정서,4
3843,구강관리,4
3842,생리통과,4
3841,리스크,4
3840,골수백혈병,4
3839,반상,4
3838,재활프로그램,4
3836,색맹,4
3835,게,4
3834,원인과의,4
3833,국물,4
3832,오일,4
3831,죽음,4
3830,위새,4
3829,옆모습,4
3828,배드민턴,4
3827,우수,4
3826,쌀뜨물,4
3825,호흡량,4
3824,과탄산혈증,4
3823,투동,4
3822,직접,4
3821,소의,4
3820,낮으,4
3819,인큐베이터,4
3818,임신중,4
3848,치환,4
3849,부유물,4
3850,글씨,4
3866,레몬,4
3879,비아그라,4
3878,금속,4
3877,외꺼플,4
3876,끌,4
3875,안정성,4
3874,광선치료,4
3873,가가,4
3872,옻닭,4
3871,토대,4
3870,른,4
3869,적,4
3868,금감소증,4
3867,연기,4
3865,휴지기,4
3851,위험군,4
3864,가공,4
3863,앞부분,4
3862,강당,4
3861,임리,4
3860,자반,4
3859,진정,4
3858,지성,4
3857,나무,4
3856,간지,4
3855,다양하다,4
3854,점막절제술,4
3853,약복용,4
3852,마귀,4
3817,오진,4
3816,유사점,4
3815,색소성,4
3767,병리학,4
3780,심리재활치료,4
3779,관행,4
3778,재활운동법,4
3777,자연분만,4
3776,온탕,4
3775,냉탕,4
3774,커피색,4
3773,생김새,4
3772,흑색,4
3771,활성화,4
3770,처짐,4
3769,촛점,4
3768,외국,4
3766,건강기능식품,4
3782,무월결,4
3765,등록,4
3764,원인일,4
3763,면역성,4
3762,바깥쪽,4
3761,홍반이,4
3753,노안과,4
3754,자가증상,4
4012,근막동통,4
3760,특히,4
3759,레진,4
3755,중구,4
3756,대부분,4
3758,면역요법,4
3781,딸기,4
3783,조개회,4
3814,흘림,4
3800,고관절염,4
3813,물설사,4
3812,재활요법,4
3811,마시기,4
3810,포화도,4
3809,전이성,4
3808,이상지지혈증,4
3807,주차,4
3806,대체치료,4
3805,저탄고지,4
3804,세타,4
3803,부인과,4
3802,호르몬과잉,4
3801,지지,4
3799,복근,4
3784,다중,4
3797,세타마돌,4
3796,속도가,4
3795,석치환술,4
3794,쇄골,4
3793,떼,4
3792,리스트,4
3791,온라인,4
3790,알카리,4
3789,혼합,4
3788,가까이,4
3787,구급차,4
3786,무감각,4
3785,정책,4
3880,위험률,4
3798,간지러움,4
3882,이야기,4
3948,진자,4
3979,주갑상선기능,4
3978,당화,4
3977,산증과,4
3976,하락,4
3975,연력,4
3974,부룩,4
3973,면연력,4
3972,협조,4
3971,응고제,4
3970,치아끝,4
3969,내이,4
3968,항응고제,4
3967,과다투여,4
3966,여자친구,4
3965,비가,4
3964,편도절제,4
3963,세로토닌,4
3962,동맥경화,4
3961,손마디,4
3960,재흡수,4
3959,각도,4
3958,하임리히,4
3957,지방률,4
3956,체지방률,4
3955,디지털,4
3954,붕대,4
3952,의료검사,4
3951,장기적인,4
3950,전정신경염,4
3980,상선,4
3981,융모막,4
3982,괴로움,4
3999,와해,4
4011,시인,4
4010,성취,4
4009,통풍약,4
4008,순간적,4
4007,팽창감과,4
4006,부정렬,4
4005,소화기관,4
4004,다래끼,4
3883,도포,4
4003,설,4
4002,의지,4
4001,친척,4
4000,인공항문,4
3998,토오스,4
3983,림프절결핵,4
3997,기면,4
3996,성대,4
3995,귀울림,4
3994,치은염과,4
3993,장기복용,4
3992,창문,4
3991,인공항,4
3990,헤드폰,4
3989,후방,4
3988,전정,4
3987,냉동창고,4
3985,급,4
3984,고산병이,4
3949,내진,4
3757,신경체계,4
3947,뇌파,4
3899,지방산,4
3913,당일,4
3912,자세교정,4
3911,압출,4
3910,면역기능,4
3909,영양섭취,4
3908,과도월경,4
3907,전신마취,4
3906,심각성과,4
3905,배출시,4
3904,긴장성,4
3903,오다리,4
3902,위험도,4
3901,동맥경화증,4
3900,노약자,4
3897,학습,4
3915,탈,4
3896,식욕저하,4
3895,지혈제,4
3894,첩,4
3886,발작성,4
3893,첩포,4
3885,말단부,4
3887,활동량,4
3892,젖병,4
3891,세대,4
3946,선수,4
3890,손목건초염,4
3888,운동선수,4
3884,소아비만,4
3889,있으며,4
3914,관심사,4
3898,사시가,4
3916,냉감,4
3931,점진적,4
3937,혈당수치,4
3936,성호르몬,4
3939,피부건조감,4
3940,쇠약감,4
3917,동행,4
3941,가죽,4
3942,화학약품,4
3935,김치,4
3943,산후조리,4
3944,자존,4
3934,배추김치,4
3933,결장,4
3932,두경부암에,4
3938,자궁선근종,4
3922,흑,4
3945,도라지,4
3930,암에,4
3929,근력저하,4
3928,참고하나,4
3923,파우더,4
3927,야식,4
3926,동네병원,4
3921,염증수치,4
3925,무릎안쪽,4
3918,청색,4
3919,특정인,4
3920,밥맛,4
4723,용혈성,3
4731,쓰라림,3
4721,헬스,3
4720,치료비용,3
4722,매연,3
4725,불편하다,3
4724,보호대,3
4732,피부사마귀,3
4726,공공장소,3
4727,산업,3
4728,임신기간,3
4729,거플,3
4719,스키,3
4730,신경질,3
4711,화농성관절염,3
4718,쇄석술,3
4717,코르티코스테,3
4699,연좌,3
4698,학년,3
4734,임부,3
4700,비타민결핍,3
4701,류마티스성열,3
4702,백인,3
4703,단서,3
4704,결과적,3
4705,장증후군,3
4706,트름,3
4707,산만,3
4708,뉴스,3
4709,헤어,3
4710,변질,3
4712,살충제,3
4713,비활동,3
4714,양악,3
4715,저탄수,3
4716,말과,3
4733,말초신경,3
4759,질건조,3
4735,설거지,3
4768,과민반응,3
4760,중증급성,3
4761,중심부,3
4762,혈당검사,3
4763,수입,3
4764,식기,3
4765,벌레맞춤형,3
4766,생,3
4767,숟가락,3
4769,놀이터,3
4757,외가쪽,3
4770,기능저하,3
4771,부기와,3
4772,강세정기,3
4773,경증,3
4774,골방통,3
4775,강세,3
4776,골방,3
4777,침구치료,3
4758,경계,3
4756,월결,3
4736,변덕,3
4745,홈케어,3
4737,회원,3
4738,동호회,3
4739,대황,3
4740,민감성,3
4741,꼬리뼈,3
4742,반고리관,3
4743,박피,3
4744,잡음,3
4746,항응고제의,3
4755,골프,3
4747,항응고,3
4748,치매검진,3
4749,귀밑샘,3
4750,대천문,3
4751,후기,3
4752,무료,3
4753,열람,3
4754,율과,3
4697,안정적,3
4667,원인적인,3
4695,이상감각,3
4640,확장제,3
4631,교정치료,3
4632,해조류,3
4633,수업,3
4634,필수적인,3
4635,궁금증,3
4636,감염성과,3
4637,진료기관,3
4639,만성장염,3
4641,탈구증상,3
4694,자로,3
4643,위협,3
4644,한계,3
4645,희석제,3
4646,대장균,3
4647,딸기모양,3
4648,개방,3
4649,비골,3
4650,법정,3
4630,바탕,3
4629,수족구의,3
4628,경리,3
4627,종사,3
4778,케톤산,3
4611,선명,3
4612,달이,3
4613,이병,3
4614,사촌,3
4615,형제,3
4616,정체성,3
4617,귀지,3
4618,남성갱년기,3
4619,폭력적,3
4620,자연치유,3
4621,콜레스테로,3
4622,가드,3
4623,아가,3
4624,리아가,3
4625,일어,3
4626,자신감,3
4651,면제,3
4652,입덧,3
4653,소시오패스,3
4675,바가지,3
4677,태변이,3
4678,성열,3
4679,썰매,3
4680,능,3
4681,위주,3
4682,면역계통,3
4683,내당능,3
4684,내당,3
4685,구순암,3
4686,회식,3
4687,불명열과,3
4688,흡혈,3
4689,퓨린,3
4690,곤충,3
4691,휴약기,3
4692,농포,3
4693,적정,3
4676,명의,3
4674,하향,3
4654,인사,3
4673,역아,3
4655,인사불성,3
4656,불성,3
4657,소시,3
4658,운동능력,3
4659,노치,3
4660,특례,3
4661,공복감,3
4662,산정특례,3
4663,산정,3
4664,하제,3
4665,근막염과,3
4666,분포,3
4668,사골,3
4669,사가,3
4670,밭,3
4671,방출,3
4672,침방울,3
4638,문진표가,3
4901,클루,3
4780,시아버지,3
4896,원푸드,3
4888,토가,3
4889,치수,3
4890,트러블,3
4891,별도,3
4892,런닝머신,3
4893,수포의,3
4894,장판,3
4895,생리학적,3
4897,외이염,3
4908,주사약,3
4898,혈성,3
4899,황달기와,3
4900,노인성치매,3
4902,클루콘산칼슘,3
4903,사회생활,3
4904,골혈성부전증,3
4905,선물,3
4906,발작적,3
4887,푸드,3
4886,체크리스트,3
4885,식용,3
4884,바른,3
4867,기침시,3
4868,혈관염일,3
4869,수정,3
4870,광대뼈,3
4871,박피술,3
4872,조산아,3
4873,구토증,3
4874,편함의,3
4875,금지,3
4876,음악,3
4877,있고,3
4878,지방간염,3
4879,하악,3
4880,면역용혈질환,3
4881,자가재활,3
4882,양파,3
4883,첨가물,3
4907,전기장판,3
4909,중외제약,3
4781,흔하게,3
4941,용도,3
4932,검품,3
4934,이틀,3
4935,어부바,3
4936,면역반응,3
4937,노인과,3
4938,불특정,3
4939,포의,3
4940,훈제,3
4942,재보,3
4910,콘드로,3
4943,유동측정,3
4944,유동,3
4945,조기검진,3
4946,피임제,3
4947,심화,3
4948,지속성,3
4949,어부,3
4609,이완제,3
4931,소규모,3
4930,하면서,3
4929,분진,3
4928,저칼로리,3
4911,친,3
4912,배란통과,3
4913,여행자,3
4914,피부궤양,3
4915,지간형,3
4916,민,3
4917,교환,3
4918,건조하다,3
4919,언어적,3
4920,지간,3
4921,테니스,3
4922,검은색,3
4923,폭식증과,3
4924,열경련,3
4925,위험요소,3
4926,자원,3
4927,냉방병이,3
4866,녹,3
4865,치통,3
4864,밀접,3
4811,부신피질호르몬제가,3
4803,염인,3
4804,발열증세,3
4805,배양검사,3
4806,득,3
4807,물이,3
4808,흑인,3
4809,적혈구,3
4810,피해의식,3
4812,현관,3
4863,보기,3
4813,비밀,3
4814,번호,3
4815,흰자,3
4816,폐기,3
4817,경관술,3
4818,기준점,3
4819,유익,3
4820,수저,3
4802,요요,3
4801,행동양식,3
4800,무책임,3
4799,콩,3
4782,코콜,3
4783,염화,3
4784,염화칼륨,3
4785,감상선초음파,3
4786,심박,3
4787,카페,3
4788,이빨,3
4789,간경변,3
4790,무게,3
4791,유투브,3
4792,이온,3
4793,암과,3
4794,포함될,3
4795,미네랄,3
4796,발신,3
4797,요요현상,3
4798,검은깨,3
4821,미음,3
4822,인터뷰,3
4823,모체,3
4844,심리상담,3
4846,스케줄,3
4847,폐쇄공포증,3
4848,소아암,3
4849,효과적일,3
4850,약물치료법,3
4851,후과,3
4852,청정기,3
4853,락,3
4854,페닐,3
4855,페닐알라닌,3
4856,알라닌,3
4857,의뢰,3
4858,금성,3
4859,견인,3
4860,실핏줄,3
4861,가슴조임증,3
4862,우울증약,3
4845,이모,3
4843,용해,3
4824,탯줄,3
4842,개별적,3
4825,감기증상,3
4826,지름,3
4827,하사,3
4828,하사근,3
4829,치킨,3
4830,노인분,3
4831,신장증과,3
4832,치골,3
4833,배꼽밑,3
4834,수직감염,3
4835,뒷쪽,3
4836,중화제,3
4837,워시,3
4838,감수성,3
4839,특수분유,3
4840,피어싱,3
4841,행동발달,3
4610,유명인,3
4327,인공관절,3
4608,외로움,3
4362,글루코스,3
4340,팀워크,3
4341,면역학,3
4342,맥스,3
4343,전문성과,3
4344,항염증,3
4345,간지럼증,3
4346,간지럼,3
4347,트렌드,3
4348,수지,3
4349,얼굴모양,3
4350,노트북,3
4351,거리감,3
4352,희귀난치,3
4353,난치,3
4354,절개술,3
4355,해,3
4356,늑막,3
4357,뺨,3
4358,플루라,3
4359,면도,3
4360,땅,3
4339,만성림프구성백혈병,3
4338,질환과의,3
4337,담낭제거술,3
4324,광택,3
4314,낭창과,3
4315,범법,3
4317,환경관리,3
4318,견,3
4319,실질,3
4320,축소,3
4321,음부,3
4322,주름,3
4323,전신운동,3
4325,가속화,3
4336,지체장애인,3
4326,골격근,3
4328,임의,3
4329,확대경,3
4330,치과의사,3
4331,외할아버지,3
4332,편식,3
4333,침침,3
4334,식단조절,3
4335,기포,3
4361,글루,3
4363,야외활동,3
4412,지하,3
4364,일부분,3
4389,피부염의,3
4390,환시,3
4391,청과,3
4392,환청과,3
4393,병일,3
4394,식욕감소,3
4395,파킨스병,3
4396,한랭,3
4397,머리속,3
4399,킨스,3
4400,카테터,3
4401,프로세스,3
4402,치료시,3
4403,살균제,3
4404,루테인,3
4405,예방치료,3
4406,말투,3
4407,애완,3
4408,특발성,3
4409,지방간이,3
4410,어제,3
4388,스프라이셀,3
4387,스프,3
4386,이상지질혈,3
4374,수분크림,3
4365,초음파검사,3
4366,고용량,3
4367,파킨슨,3
4368,호흡법,3
4369,건조로,3
4370,진균,3
4371,기상,3
4372,공사장,3
4373,에스트로겐,3
4375,셀,3
4385,축구공,3
4376,봉,3
4377,요봉증,3
4378,신은,3
4379,수면위생,3
4380,중동지역,3
4381,박쥐,3
4382,지목,3
4383,민감도,3
4384,두부외상,3
4313,범법행위,3
4312,반신욕,3
4311,성장기,3
4310,제작,3
4239,흡연량,3
4240,트롤,3
4241,수액치료,3
4242,전망,3
4244,쇼핑,3
4245,한잔,3
4246,지체장애아의,3
4247,플라잉,3
4248,세균뇨,3
4249,뇌파검사,3
4250,성관,3
4251,성관게,3
4252,병원균,3
4253,양치습관,3
4254,불능,3
4255,재발확률,3
4257,항산,3
4258,용품,3
4259,잔뇨,3
4260,예방약물,3
4261,폐렴치료,3
4238,기성,3
4237,자극적,3
4236,호흡기계,3
4223,호흡시,3
4214,만성골수세포백혈병,3
4215,코르티코,3
4216,아진,3
4217,행동요법,3
4218,종합비타민,3
4219,호흡성알카리증,3
4220,골수세포,3
4221,좌우,3
4222,음낭안,3
4224,영양불량,3
4234,신체기능,3
4225,도모,3
4226,목안,3
4227,낮아진,3
4228,식사요법,3
4229,치료약물,3
4230,중금속,3
4231,매독균,3
4232,정신적인,3
4607,이혼,3
4262,뇨감,3
4263,전신성,3
4264,더듬이,3
4299,성장속도,3
4290,신장내과,3
4291,읽기,3
4292,항바이러스제의,3
4293,연고약,3
4294,내막암,3
4295,현대인,3
4296,오미자차,3
4297,가게,3
4298,이상은,3
4300,무기력감이,3
4288,대량,3
4301,전부,3
4302,조직압,3
4303,슬리퍼,3
4304,혈관운동신경,3
4305,과학적,3
4306,금연환경,3
4307,피반점,3
4308,심호흡,3
4309,중후반,3
4289,자궁내,3
4287,조직형,3
4265,조선,3
4275,진동,3
4266,중지,3
4267,플라잉요가,3
4268,냉이,3
4269,건강상태,3
4270,얼굴빛,3
4271,윗쪽,3
4272,전반적,3
4273,백태,3
4274,부갑상선호르몬,3
4276,혈액종양내과,3
4286,등허리,3
4277,편집증,3
4278,디카,3
4279,장의,3
4280,진단과정,3
4281,가슴통,3
4282,방진복,3
4283,반도체,3
4284,수중,3
4285,가와사키병과,3
4411,서서,3
4233,폐종양,3
4413,월경양,3
4510,표현력,3
4537,의학드라마,3
4538,병적,3
4539,트레포,3
4540,확대,3
4541,당질,3
4542,체외충격파,3
4543,만약,3
4544,후시,3
4545,혈장,3
4546,공중위생,3
4547,공중,3
4548,곡선,3
4549,자궁세포이형성증,3
4550,세포이,3
4551,피부관리,3
4552,지연성,3
4553,지적능력,3
4554,대인관계,3
4555,헙심증,3
4556,설탕물,3
4557,페스트,3
4536,주소,3
4535,경력,3
4534,손상부위,3
4521,실생활,3
4512,편이,3
4513,어깨쪽,3
4514,식혜,3
4515,운동장,3
4516,기숙사,3
4517,한기,3
4518,교정치료법,3
4519,심장과,3
4520,신경세포,3
4522,플라스틱,3
4533,포도씨,3
4523,림프모구백혈병,3
4524,코감기약,3
4525,황갈색,3
4526,업무,3
4527,진전병,3
4528,알레르겐,3
4530,호일,3
4531,경요,3
4532,성경험,3
4558,집들이,3
4559,치료사,3
4595,세린,3
4579,회복기간,3
4583,이상소견,3
4562,재검사,3
4563,습관성유산,3
4582,음낭수술,3
4564,자연치료,3
4565,도파민,3
4566,입병,3
4581,벌리기,3
4580,소가,3
4567,경도,3
4584,점상,3
4578,종목,3
4576,반영,3
4575,심낭염의,3
4568,세상,3
4569,매,3
4570,지칭,3
4574,정의하나,3
4573,물집들이,3
4572,이행,3
4561,파트너,3
4606,스크리닝,3
4594,정액검사,3
4589,리균,3
4596,갑상선항진,3
4593,가슴쪽,3
4597,추적검사,3
4592,성격변화,3
4598,점심,3
4591,바세린,3
4599,딸기혀,3
4600,요도하열과,3
4590,딸꾹질,3
4588,간질발작,3
4605,신경안정제,3
4414,구루,3
4587,모판,3
4601,자극호르몬,3
4602,박터균,3
4603,제한적인,3
4604,재활시설,3
4586,성모판,3
4560,첨형콘,3
4585,미용실,3
4511,모야모야병과,3
4571,보행장애,3
4509,페소,3
4434,색소침착,3
4440,트레,3
4441,부자연,3
4442,표가,3
4443,팔리듐,3
4444,간염바이러스,3
4445,불수,3
4446,결막,3
4447,남성형,3
4448,항암화학,3
4450,불소,3
4438,출산시,3
4451,면적,3
4452,대상증후군,3
4453,보일러실,3
4454,꽃나무,3
4455,자궁암,3
4456,돌출물,3
4457,위장관,3
4458,형상,3
4459,대기오염,3
4439,천명,3
4437,디프테리아균,3
4461,개인화,3
4421,질속,3
4428,야생동물,3
4433,질증,3
4508,페소공포증,3
4432,고지질증,3
4427,단계별,3
4429,탈진,3
4423,조화,3
4418,골수기능,3
4431,줄기,3
4420,림증,3
4436,땅콩가루,3
4417,복용법과,3
4422,후전적,3
4426,뇌격량,3
4430,염색,3
4425,뇌격,3
4415,풀밭,3
4424,전적,3
4435,착용자,3
4419,보호기,3
4460,개수,3
4449,기초,3
4462,안내,3
4497,쿠션,3
4488,십대,3
4489,조루,3
4490,혈액암,3
4491,증은,3
4492,진단검사,3
4493,기관지염의,3
4463,코세척,3
4495,근기능,3
4496,검진법,3
4498,쿠션감,3
4486,만성골수성,3
4499,산전검사,3
4500,호흡기질환,3
4501,뿌리,3
4502,거동,3
4503,트라,3
4504,성장판,3
4505,피부재활,3
4506,성염색체,3
4507,날파리증,3
4487,가락,3
4494,체기,3
4485,경험적,3
4476,내벽,3
4464,임신부,3
4465,시력차이,3
4466,방사선치료,3
4467,중의,3
4468,신약,3
4469,나열,3
4470,위관,3
4471,드림렌즈,3
4472,눈꺼풀처짐,3
4473,회충,3
4474,물사마귀,3
4484,분수토,3
4475,주시,3
4416,지압법,3
4477,검토과정,3
4483,가동,3
4482,생략,3
4481,섬망증상,3
4479,동맥혈,3
4478,건설,3
4480,아스퍼거,3
5790,소아기도,2
5792,예비,2
5791,구급,2
5811,식사시간,2
5805,거부감,2
5794,말소리,2
5789,기분조절,2
5788,감정조절,2
5787,효과성,2
5812,세부적,2
5793,리모델링,2
5795,생활수칙,2
5810,코일,2
5804,자가적인,2
5809,정의인가,2
5796,개두술,2
5797,접,2
5798,잔류,2
5808,인가,2
5800,실험,2
5801,특징적으로,2
5802,전방,2
5807,탈력,2
5806,재미,2
5803,생활지도,2
5799,루마티스,2
5754,투석치료,2
5786,첨,2
5758,파수,2
5765,당류코르티코이드,2
5764,섬마,2
5763,방구,2
5762,분의,2
5761,생리불규칙,2
5760,새끼손가락,2
5759,섬,2
5757,갑상선염과,2
5785,약효,2
5756,진단시,2
5755,영유아들,2
5814,색전술,2
5753,시력검사,2
5752,뼈속,2
5751,히터,2
5750,아침약과,2
5766,열증,2
5767,혈소판감소증,2
5768,활기,2
5769,비호르몬,2
5784,체중아,2
5783,오열,2
5782,두뇌,2
5781,통일,2
5780,두뇌게임,2
5779,열공과,2
5778,공과,2
5777,단안복시,2
5776,단안,2
5775,중병,2
5774,수산물,2
5773,첫걸음,2
5772,공기청정기,2
5771,칼락토오스,2
5770,간질중첩증,2
5813,의료영상,2
5847,장벽,2
5815,윙,2
5864,전완근,2
5871,교감신경계,2
5870,교감,2
5869,인간관계,2
5868,라섹수술,2
5867,자가주사,2
5866,중대,2
5865,지능검사,2
5863,인종,2
5854,심혈관계,2
5862,심실세동,2
5861,시진,2
5860,저온,2
5859,맑은,2
5858,발별,2
5857,국가적인,2
5856,유사성,2
5872,니코틴,2
5873,간문맥,2
5874,기형이상,2
5875,울림,2
5890,소매,2
5889,섬망환자,2
5888,흥분,2
5887,추천사항,2
5886,조기치료,2
5885,황반,2
5884,원형탈모증,2
5883,베타,2
5882,내시경검사,2
5881,경피,2
5880,일일,2
5879,차로,2
5878,일사병,2
5877,향이,2
5876,족욕,2
5855,이상인,2
5853,심혈,2
5816,림프선염,2
5825,처치법,2
5832,촉진제,2
5831,부착,2
5830,치석,2
5829,채혈,2
5828,금단증상,2
5827,허탈감,2
5826,목디스크,2
5824,기능항진,2
5852,건방,2
5823,문비,2
5822,문비물,2
5821,트롤린,2
5820,종창과,2
5819,유방습진,2
5818,항호르몬요법,2
5817,편도염의,2
5833,약도,2
5834,갈색세포증,2
5835,세포증,2
5836,강하,2
5851,건방증,2
5850,단기적,2
5849,검사실,2
5848,종간,2
5748,혼합물,2
5846,혈전변,2
5845,탑승,2
5844,맞춤형,2
5843,추적관찰,2
5842,불명확,2
5841,모세혈관,2
5840,웨이트,2
5839,모세혈관확장증,2
5838,고춧가루,2
5837,기온강하,2
5749,습기,2
5708,투약,2
5747,우식과,2
5649,저체온증과,2
5647,기아나,2
5646,혈액형,2
5645,외용,2
5644,부종이,2
5643,인후통과,2
5642,합병증인,2
5641,화학물질,2
5640,입술밑,2
5639,창백,2
5638,상과,2
5637,백,2
5636,합병,2
5635,건장,2
5634,출장,2
5633,황달이,2
5648,과인,2
5650,과인가요,2
5631,관자놀이,2
5651,히보,2
5666,쇼크파,2
5665,뻗뻗해지,2
5664,치조골염일,2
5663,제안,2
5662,엘로티닙,2
5661,마름,2
5660,습득,2
5659,간뇨,2
5658,단층,2
5657,탈모증약,2
5656,회의,2
5655,동상과,2
5654,신가요,2
5653,정수기,2
5652,보,2
5632,울기,2
5630,관자,2
5668,틈,2
5611,척수염,2
5609,경항,2
5608,탈지,2
5607,주일,2
5606,고막,2
5605,중간,2
5604,유돌기,2
5603,자궁경,2
5602,발걷기,2
5601,영양성분,2
5600,바꾸기,2
5599,운동기구,2
5598,배란유도제,2
5597,연고제,2
5596,지행동치료,2
5595,링겔,2
5610,신경과민,2
5612,포함되는,2
5629,한방병원,2
5613,몇,2
5628,뒷통수,2
5627,분간,2
5626,꽃게,2
5625,영양관리,2
5624,전날,2
5623,글리코겐,2
5622,동상환자,2
5621,와이프,2
5620,지금,2
5619,살점,2
5618,연금,2
5617,기초연금,2
5616,엑스,2
5615,아폴로눈병,2
5614,폐경후,2
5667,비누,2
5669,앞머리,2
5746,짓,2
5727,노즈,2
5725,집중적,2
5724,대소변,2
5723,짖무르것,2
5722,짖무,2
5721,장암,2
5720,생활방법,2
5719,상처부위,2
5718,지역사회,2
5717,법위,2
5716,인공호흡기,2
5715,무언,2
5714,뽀족,2
5713,무염,2
5712,위장병,2
5711,난,2
5726,야,2
5728,저녁약,2
5709,지불,2
5729,파킨슨병이,2
5745,중첩증,2
5744,뇌외상,2
5743,천식환자,2
5742,반려동물,2
5741,휴대,2
5740,라이저,2
5739,뷸라이저,2
5738,뷸,2
5737,외이염의,2
5736,외관,2
5735,사이코,2
5734,금기,2
5733,아르바이트,2
5732,콧수염,2
5730,진단명이,2
5710,상온,2
5892,이차적,2
5670,피부건조,2
5688,발한과,2
5686,한과,2
5685,스파,2
5684,양수인지,2
5683,견과,2
5682,항염,2
5681,레트,2
5680,전용,2
5678,깨,2
5677,청년,2
5676,쥐위,2
5675,복막,2
5674,관절통증,2
5673,동맥벽,2
5672,골전이암,2
5671,혈변이,2
5687,한국,2
5689,간편,2
5707,잠복고환,2
5690,진료과목,2
5705,배움,2
5704,염식단,2
5703,숨소리,2
5702,바이러스제,2
5701,항레트,2
5700,말트림프종,2
5699,림프종일,2
5698,시경,2
5697,항균,2
5696,둘째,2
5695,의식불명,2
5694,물한잔,2
5693,출산중,2
5692,약제,2
5691,대중교통,2
5891,자궁선근증과,2
5936,불명열증상,2
5893,개복술,2
6107,액상,2
6105,조짐,2
6104,황소목,2
6103,제세,2
6102,아침식사,2
6101,뇌건강,2
6100,제세동기,2
6099,케토산증,2
6098,표본,2
6097,단거,2
6096,불내,2
6095,튀김류,2
6094,예방효과,2
6093,내피,2
6092,튀김,2
6091,퍼거,2
6106,운동화가,2
6108,모낭염의,2
6089,발진디푸스,2
6109,시력감퇴,2
6125,보호제,2
6124,라인,2
6123,고위,2
6122,만성신우신염의,2
6121,표정,2
6120,졸도,2
6118,대퇴,2
6117,균체,2
6116,손톱쪽,2
6115,공개,2
6114,공명영상검사,2
6113,구루병과,2
6112,눈물흘림,2
6111,눈껍,2
6110,눈알,2
6090,언어발달,2
6088,장염약,2
6048,뱃,2
6068,구토증상,2
6066,동기,2
6065,정상혈압,2
6064,배뇨통,2
6063,재방문,2
6062,중점,2
6061,운동부족,2
6060,두고,2
6059,한지,2
6058,자간증과,2
6057,신체활동,2
6056,립밤,2
6055,립,2
6053,목도,2
6052,팩신이,2
6050,열대지방,2
6067,황소,2
6069,오리,2
6087,양옆,2
6070,미국,2
6086,뇌경색증,2
6085,조산의,2
6084,조종,2
6083,산의,2
6081,일차,2
6080,절기,2
6079,질적,2
6078,소음성,2
6077,호전과,2
6076,단,2
6075,오돌,2
6074,시누이,2
6073,할애,2
6072,차가,2
6071,킬로그램,2
6126,정비,2
6127,당질코르티코이드,2
6128,다리쪽,2
6185,아세톤,2
6183,강조,2
6182,베토벤,2
6181,석면,2
6180,대장성,2
6179,발색,2
6178,이형,2
6177,배경,2
6176,수명,2
6175,밤운전,2
6174,피어싱샵,2
6173,두창,2
6172,도축업,2
6171,샵,2
6170,정확성,2
6169,점진,2
6184,인정,2
6186,유당불내증,2
6129,삽입형,2
6187,홍삼,2
6202,달맞이꽃,2
6201,간장게장,2
6200,밝기,2
6199,각종,2
6198,게장,2
6197,권장량,2
6196,보완,2
6195,돼지고기,2
6194,푸로작,2
6193,푸로,2
6192,스크림,2
6191,조류농장,2
6190,장애일,2
6189,배경색,2
6188,남학생,2
6168,점진적인,2
6167,피부상처,2
6166,사일,2
6165,수입산,2
6145,위산과다,2
6143,공항,2
6142,시력교정수술,2
6141,성인기,2
6140,시간동안,2
6139,젤,2
6138,알로에,2
6137,흰색,2
6136,당일외래,2
6135,외래,2
6134,신장수치,2
6133,유가,2
6132,당뇨약과,2
6131,보급,2
6130,케토산,2
6146,현실감각,2
6147,흑색종,2
6148,직사,2
6158,탄력,2
6164,림프마사지가,2
6163,발생시기,2
6162,요충증과,2
6161,고밀도콜레스테롤,2
6160,저조,2
6159,반안면,2
6157,희귀증인,2
6149,직사광선,2
6155,코마,2
6154,면역계의,2
6153,계의,2
6152,팔등에,2
6151,흔한가요,2
6150,성욕감퇴,2
6049,친정엄마,2
6047,유연성,2
5894,차움,2
5950,연장,2
5948,렵,2
5947,피클라투주맙,2
5946,어지럼,2
5945,증가하면,2
5944,젖가슴,2
5943,영이,2
5942,시맙,2
5941,완제,2
5940,불명열일,2
5939,자궁경부암검사,2
5938,초기임,2
5937,수두일,2
5935,외태아회전술,2
5934,점액변,2
5933,명절,2
5949,영역,2
5952,성산,2
5931,입가,2
5953,입국,2
5969,음성변화,2
5968,자가조혈모세포,2
5967,손님,2
5966,임균,2
5965,도료,2
5964,척추뼈,2
5963,간경병증,2
5962,피부껍질,2
5961,병용,2
5959,앞면,2
5958,조각,2
5957,약용,2
5956,시간적인,2
5955,생고기,2
5954,치과질환,2
5932,붓기,2
5930,소변배출,2
6046,자간전증과,2
5911,산증후군,2
5909,주변부,2
5908,사과,2
5907,경계선,2
5906,겨드랑이쪽,2
5905,권위자,2
5904,임신중독증,2
5903,담낭염일,2
5902,식사준비,2
5901,저의,2
5900,피임도구,2
5899,야근,2
5898,대답,2
5897,항암약물치료,2
5896,효,2
5895,효괴,2
5910,잔량,2
5912,자각증상,2
5929,반코마이신,2
5913,뇌변병장애,2
5928,위장약,2
5927,기인,2
5926,적록,2
5925,버거씨병,2
5924,피부혈관,2
5923,침범,2
5922,두유,2
5921,유의사항,2
5920,여드름자국,2
5919,삼차신경계,2
5918,복부초음파,2
5917,좌와,2
5916,제도,2
5915,갑지가,2
5914,변병,2
5970,복부팽만감과,2
5971,철봉,2
5972,허혈,2
6028,광견,2
6026,저작,2
6025,문항,2
6024,호흡마비,2
6023,수술의,2
6022,한정,2
6021,누에,2
6020,일생,2
6019,신체변화,2
6018,방광쪽,2
6017,다양성,2
6016,종양일,2
6015,흔적,2
6014,자궁근종이,2
6013,날숨,2
6012,히말라야,2
6027,글거리,2
6029,광견변,2
5973,런지,2
6030,윗몸,2
6045,저체온증인지에,2
6044,멕,2
6043,멕스크림,2
6042,간장,2
6041,번만,2
6040,학설,2
6039,세의,2
6038,세탁,2
6037,성묘,2
6036,구조물,2
6035,메스,2
6034,꼬리,2
6033,정자세,2
6032,만삭전,2
6031,치열,2
6011,알칼리증과,2
6010,말라야,2
6009,조울증,2
6008,쑥,2
5988,턱뼈쪽,2
5987,크로시스,2
5986,팩터,2
5593,자연식,2
5984,결장암,2
5983,쌍,2
5982,약시가,2
5981,시끈시끈,2
5980,끈,2
5979,동종요법,2
5978,조부,2
5977,약인,2
5976,위축성,2
5975,모더나,2
5974,더나,2
5989,투자,2
5990,과다분비,2
5991,셜,2
6001,대의,2
6007,구슬모양,2
6006,구슬,2
6005,무지외반증과,2
6004,선약,2
6003,갑상선약,2
6002,흑색변,2
6000,자리,2
5992,호로,2
5999,의해,2
5998,텐트,2
5997,턱모양,2
5996,치과보험,2
5994,체형임,2
5993,소셜,2
5985,동종,2
6119,정체감,2
5592,팽만감이,2
5164,배아픔,2
5171,영양결핍,2
5170,언어재활치료,2
5169,변연,2
5168,함몰,2
5167,치맥,2
5166,사레,2
5165,경고,2
5163,흡입제,2
5173,배란기,2
5162,송이,2
5161,치산자,2
5160,포도송이,2
5159,금치산자,2
5158,파라핀,2
5157,식사후,2
5156,트리,2
5172,레이즈,2
5174,콩과,2
5154,육아,2
5184,털,2
5191,오자,2
5190,외반증,2
5189,거짓말,2
5188,중색,2
5187,돼지,2
5186,돼지껍질,2
5185,양물,2
5183,사고장애,2
5175,반려견,2
5182,체위,2
5181,영구적,2
5180,종류의,2
5179,항문주위,2
5178,당뇨망막증,2
5177,납의,2
5176,상피성,2
5155,폭식증인,2
5153,악,2
5272,축,2
5123,정맥류일,2
5130,혈액희석제,2
5129,다크,2
5128,공여가,2
5127,여가,2
5126,각,2
5125,진전증세,2
5124,종양치료,2
5122,럼,2
5132,만성변비,2
5121,항독소,2
5120,비수,2
5119,비수유시,2
5118,유시,2
5117,쇠약감이,2
5116,갈색점,2
5115,발적수포,2
5131,결벽증,2
5133,기관지염과,2
5152,폐렴합병증,2
5144,고열증상,2
5151,설태,2
5150,교통사고와의,2
5149,항바이러스제가,2
5148,이즈,2
5147,포르,2
5146,폐럼,2
5145,고령임산부,2
5143,국한,2
5134,사시병,2
5142,방광종양,2
5141,연탄가스,2
5140,급속도,2
5139,피덩어리,2
5138,돌연변이,2
5137,굴곡,2
5135,마졸,2
5192,섬유성,2
5193,메티마졸,2
5194,스트로,2
5243,상위,2
5250,칼슘차단제,2
5249,인지의,2
5248,지의,2
5247,중입자,2
5246,가장자리,2
5245,두경부암과,2
5244,감상선염,2
5242,분량,2
5252,산기,2
5241,일상생활에,2
5240,무릎수술,2
5239,자연경과,2
5238,석고,2
5237,안이,2
5236,폭력,2
5235,원액,2
5251,남성호르몬,2
5253,조산기,2
5195,스트로이드,2
5263,군대,2
5270,산악,2
5269,우윳빛,2
5268,중성,2
5267,중성지방,2
5266,청일,2
5265,인중,2
5264,재활센터,2
5262,중량,2
5254,책상,2
5261,역기,2
5260,토식,2
5259,이동홍반이,2
5258,금주가,2
5257,토혈,2
5256,등장,2
5255,골프공,2
5234,즈,2
5233,등쪽,2
5232,보폭,2
5204,보만,2
5211,검증,2
5210,장애탈진,2
5209,체부,2
5208,자궁체부암,2
5207,밥알,2
5206,타이트,2
5205,야외작업,2
5203,간호인,2
5231,전신마취제,2
5202,교류,2
5201,톨,2
5200,어린아이,2
5199,습성,2
5198,겹보임,2
5197,보임,2
5196,화재,2
5212,구역감과,2
5213,신경증,2
5214,세가,2
5215,비인두,2
5230,후군,2
5229,복대동맥류,2
5228,키보드,2
5227,공학,2
5226,악수,2
5225,의식장애,2
5224,근력감과,2
5223,수의,2
5222,진입,2
5221,비씨지,2
5220,씨지,2
5219,성능,2
5218,발열증상,2
5217,라마즈,2
5216,인체공학,2
5114,간접흡연,2
5113,중국,2
5112,전체적,2
4999,걸리,2
5006,각질화,2
5005,커피나,2
5004,겨울날,2
5003,출국,2
5002,평판,2
5001,과자,2
5000,쓸개,2
4998,언어기능평가,2
5008,편도선암,2
4997,체취,2
4996,소아탈모,2
4995,포화,2
4994,자격,2
4993,루프,2
4992,충녹증과,2
4991,타입,2
5007,현,2
5009,불면,2
5030,맘,2
5019,글로리,2
5028,조산일,2
5027,굴,2
5026,급성림프모구,2
5025,나비,2
5022,비정상적인,2
5021,수사,2
5020,영아기,2
5018,심부,2
5010,운영,2
5017,안정형,2
5016,부합,2
5015,로봇,2
5014,각질증,2
5013,모친,2
5012,고기능성,2
5011,한참,2
4990,반응성,2
4989,염장,2
4988,스타일,2
4958,분자,2
4965,콘드로이,2
4964,전자담배,2
4963,기피제,2
4962,기질화,2
4961,삐소리,2
4960,생활치료법,2
4959,오피,2
4957,휘발성,2
4987,뉴,2
4956,모기기피제,2
4955,당뇨합병증,2
4954,통로,2
4953,수두증,2
4952,발가락쪽,2
4951,동거인,2
4950,레이저치료,2
5591,뼈건강,2
4967,블랙아웃,2
4968,낭종과,2
4969,블랙,2
4986,포함되며,2
4985,배설량,2
4984,오피뉴투주맙,2
4983,라이프,2
4982,체중이,2
4981,냉동치료,2
4980,방사전,2
4979,격리조치,2
4978,내장지방,2
4977,생활운동,2
4975,흉막액,2
4974,나기,2
4973,흉막,2
4972,세포유전학,2
4971,심장초음파,2
5029,대장결장,2
5031,척추근육위축,2
5111,출현,2
5081,패색,2
5089,사래,2
5087,질환일,2
5086,중점적,2
5085,유래,2
5084,구강청결제,2
5083,환기량,2
5082,패색성,2
5080,청결제,2
5091,저인산혈증,2
5079,비알콜,2
5078,가공육과,2
5077,폐부전증,2
5076,흡인기,2
5075,산전운동,2
5074,투여량,2
5073,현대사회,2
5090,산혈증,2
5092,심장외과,2
5032,놀림,2
5103,질내,2
5110,목숨,2
5109,지질혈증,2
5108,발쪽,2
5107,비만과의,2
5106,피플,2
5105,청결유지,2
5104,교수,2
5102,라마,2
5093,저인,2
5101,복대,2
5100,섭취제한,2
5099,원시,2
5098,페스트균,2
5097,생리식염수,2
5096,문맥,2
5095,차성과,2
5072,육과,2
5071,차례,2
5070,웅,2
5041,포피염,2
5048,잠수사,2
5047,건강약,2
5046,급격,2
5045,목주변,2
5044,보조기기,2
5043,증독,2
5042,구별점,2
5040,심장기형,2
5069,낮잠,2
5039,조개류,2
5038,신경섬유종증,2
5037,혈액공급,2
5036,자위,2
5035,가능하다,2
5034,혈액내,2
5033,이산화탄소량,2
5049,장일,2
5050,도입,2
5051,면담,2
5052,개인적인,2
5068,뇌심혈관질환,2
5067,자아,2
5066,가수,2
5065,가수분해,2
5064,마이오가드,2
5063,마이오,2
5062,요건,2
5061,등원,2
5060,위생상태,2
5059,손녀,2
5058,콩팥병,2
5057,영상학적,2
5056,식사방법,2
5055,기능향상,2
5054,전기적,2
5271,키토식,2
4966,아웃,2
5273,사이사이,2
5484,잔류성,2
5491,그릇,2
5490,필름,2
5489,스플린트,2
5488,린트,2
5487,브래지어,2
5486,식중금,2
5485,성숙,2
5483,헛소리,2
5493,불우,2
5482,의료진이,2
5481,스플,2
5480,작으,2
5479,신부전환자,2
5478,진과,2
5477,위중,2
5476,피부암반점,2
5492,혈당조절,2
5494,관절세척술,2
5474,손목염좌,2
5505,면역체계,2
5512,암환자,2
5511,단발성,2
5510,트로스피움,2
5509,테스트기와,2
5508,서양인,2
5507,질분비물,2
5506,배액,2
5504,최소,2
5495,굴절,2
5502,습진이,2
5501,젖,2
5500,신체염,2
5499,중금,2
5498,호흡증가,2
5497,서의,2
5496,지적장애인,2
5475,집안일,2
5473,중탄산,2
5434,치과대학병원,2
5444,등급,2
5451,근골격계질환,2
5450,염증증상,2
5449,보복행위,2
5448,보복,2
5447,사타구니쪽,2
5446,층간소음,2
5445,불치병,2
5443,카,2
5453,평편사마귀,2
5442,레스,2
5441,콜레스테레,2
5440,플라스마,2
5439,호른,2
5438,미성숙,2
5437,공이,2
5436,교정술,2
5452,숨참,2
5454,참,2
5472,손발목,2
5464,소변실수,2
5471,비브릴오,2
5470,첫째,2
5469,일과성,2
5468,브릴,2
5467,뚜렛이라,2
5466,법정전염병,2
5465,겉옷,2
5463,대상포진과의,2
5455,아로마,2
5462,한약재,2
5461,있는,2
5460,전환자,2
5459,말수,2
5458,꽃집,2
5457,잠수복,2
5456,복합,2
5513,암적색,2
5514,장액성,2
5515,피부염증,2
5564,발진이,2
5569,한쪽눈,2
5568,스틴,2
5574,대중,2
5580,통제력,2
5567,단시간,2
5566,무통,2
5565,모든,2
5563,항염약물,2
5581,생활패턴,2
5562,배열,2
5561,체육,2
5560,이상증식,2
5559,닭벼슬,2
5558,벼슬,2
5557,막,2
5556,치명률,2
5579,한식,2
5590,라면,2
5516,여동생,2
5577,슈타인,2
5587,삼계탕,2
5274,전략적,2
5573,적일,2
5572,패드,2
5583,만사,2
5576,습진약,2
5584,경구약,2
5571,교모세모종,2
5570,모종,2
5578,절반,2
5582,피부병변,2
5588,치조골염과,2
5575,손주,2
5585,짝눈,2
5589,레스틴,2
5586,정서적인,2
5555,내적,2
5554,자연발생적,2
5553,발생적,2
5525,학,2
5532,공단,2
5531,칼슘농도,2
5530,무릎관절,2
5529,화농,2
5528,부탁드립,2
5527,드립,2
5526,중탄산나트륨,2
5524,여기저기,2
5552,하강,2
5523,닭발의,2
5522,바깥,2
5521,충격적,2
5520,설문지,2
5519,앞집,2
5518,성조숙증인,2
5517,고지대,2
5533,부어,2
5534,세계적,2
5535,통풍선,2
5536,기피증,2
5551,급성모구백혈병,2
5550,선암종,2
5549,디카맥스디정,2
5548,외분비,2
5547,코뒤,2
5546,연세,2
5545,강박주의,2
5544,구순,2
5543,정자증과,2
5542,고농도,2
5541,어지럽증,2
5540,심폐,2
5539,의료시술,2
5538,보편적,2
5537,근력강화,2
5435,비감염,2
5503,론,2
5433,복귀,2
5323,일광소독,2
5330,감정적,2
5329,칸디다성구내염의,2
5328,지체장애자,2
5327,조절력,2
5326,쯔쯔,2
5325,무시병,2
5324,고단위,2
5321,맞물림,2
5332,당뇨약,2
5320,불분명,2
5319,순환기질환,2
5318,의료서비스,2
5317,펌프,2
5316,뇌흑,2
5315,이명증상,2
5314,르기성,2
5331,곰보,2
5333,푸른색,2
5312,신생아기,2
5343,혈충,2
5350,소증후군,2
5349,색각이상,2
5348,뒷허리,2
5347,자가관리,2
5346,아브락산,2
5345,소극적,2
5344,부속,2
5342,이십,2
5334,덩치,2
5341,간기능수치,2
5340,면역억제제,2
5339,파시,2
5338,펜,2
5337,식전,2
5336,유합증인,2
5335,간초음파,2
5313,수족구,2
5311,크론병,2
5353,손상일,2
5290,쇄석기,2
5278,산악지대,2
5293,케켈,2
5279,운동처방,2
5280,귓볼,2
5292,삼산,2
5291,넥,2
5281,만성피로,2
5289,트라넥삼산,2
5277,항생제의,2
5288,수확,2
5282,감염력,2
5283,정신과적인,2
5284,의식적,2
5285,미접종,2
5287,감자,2
5286,리버비린,2
5294,치온,2
5432,구토등,2
5310,그로,2
5302,만복감,2
5309,완치율과,2
5308,시력차,2
5307,현기,2
5306,피부치료,2
5305,신생,2
5304,단체,2
5303,지수,2
5301,소변때문,2
5295,포도막염과,2
5300,메뉴,2
5299,산소증,2
5275,항생,2
5298,림프관,2
5297,온,2
5276,공포감,2
5296,두꺼움,2
5351,다낭,2
5322,소낭,2
5354,정기적인,2
5401,유산일,2
5409,컵,2
5408,늑막절개술,2
5407,소양,2
5406,두꺼운,2
5405,촬영술,2
5404,해진,2
5402,휘파람,2
5400,잠자리,2
5428,코감기,2
5399,부피,2
5398,고환부피,2
5397,폐부종이,2
5396,누적,2
5395,일환,2
5394,신장기능,2
5393,효율적,2
5429,재건술,2
5410,암기,2
5391,삼촌,2
5416,위식도,2
5420,상수도,2
5419,주인가요,2
5421,상수도관,2
5418,부작용이,2
5422,녹물,2
5417,내성발톱,2
5423,변증,2
5415,주인,2
5427,신경계통,2
5424,코뼈,2
5425,피부조직,2
5426,작업자,2
5414,적갈색,2
5355,색각,2
5413,왼쪽가슴,2
5411,숫자,2
5392,유년,2
5403,발한,2
5390,구엿,2
5431,염분제한,2
5371,원인인,2
5370,산소부족,2
5369,치주염의,2
5389,경과과정,2
5366,불만족,2
5365,내용물,2
5364,역류증상,2
5363,침술,2
5373,근위축,2
5362,종류별,2
5361,일년,2
5360,구들,2
5359,부대,2
5358,장애자,2
5357,그림,2
5356,소화장애,2
5372,삼도,2
5367,위내용물,2
5380,섬망증,2
5378,족부궤사,2
5430,교모세포증,2
5384,생리일,2
5385,아랫니,2
5386,라떼,2
5381,엿,2
5387,팽창감,2
5382,젖꼭지,2
5379,궤사,2
5383,삼출물,2
5377,상관성,2
5376,치과치료,2
5375,섯,2
5388,오이,2
5374,라디오,2
7843,기장,1
7842,특별히,1
7841,도표,1
7844,한약치료,1
7840,디카맥스디정이,1
7839,정이,1
7821,해부,1
7845,주택,1
7822,출산과정,1
7835,발명,1
7847,소파술,1
7837,실비,1
7836,체제,1
7823,뇌수막,1
7834,일부일,1
7833,탈모약,1
7832,주거,1
7831,고려사항,1
7830,생식건강,1
7829,보이,1
7828,미취학,1
7827,자궁내경관,1
7826,음향기기,1
7825,음향,1
7824,수막,1
7846,공동,1
7872,파짐,1
7848,어지럽움,1
7867,작의,1
7869,특징적인지,1
7870,뎅기열일,1
7871,공용,1
7873,하늘,1
7874,반대,1
7875,심장근육,1
7876,치우,1
7877,파킨슨병과,1
7878,양측,1
7879,실비보험,1
7880,무능,1
7881,세면,1
7883,어미,1
7819,해부학적,1
7882,통계,1
7868,발작의,1
7866,작업시,1
7849,장기화,1
7865,부작용을,1
7850,약사,1
7851,심해지면,1
7852,상해의,1
7853,해의,1
7854,뇌시경,1
7855,건식,1
7856,붓기가,1
7857,철결핍,1
7858,문제도,1
7859,울산,1
7860,개인차,1
7861,시합,1
7862,피부관리법,1
7863,일반적인가요,1
7864,뇌부종,1
7820,여행과의,1
7754,공항장애,1
7818,코골이의,1
7769,사이코패스,1
7762,섭취방법,1
7763,전열화상,1
7764,열화상,1
7765,전자기기,1
7766,자기기,1
7767,자국경관무력증,1
7768,입병이,1
7770,점종이,1
7817,단맛,1
7771,날것,1
7772,평가기준,1
7773,체장애,1
7774,담낭벽,1
7775,원발,1
7776,원발부위,1
7777,유대,1
7761,용해제가,1
7760,생리혈,1
7759,절한,1
7758,아파트,1
7743,정신요법,1
7885,관절영,1
7744,해서,1
7745,피로해서,1
7746,보조식품,1
7747,약물치료만이,1
7748,단절,1
7749,황달기,1
7750,끼,1
7751,홉,1
7752,너구리,1
7753,맥락막,1
7755,예고,1
7756,출몰,1
7757,대뇌,1
7778,수면유도제,1
7779,관련과로,1
7780,외꺼풀인,1
7800,두면,1
7802,벌집,1
7803,흉악범,1
7804,악성종양,1
7805,대체제,1
7806,머리모양,1
7807,일본뇌염과,1
7808,동물원,1
7809,팩신은,1
7810,시험검사,1
7811,구토증세,1
7812,증상인지,1
7813,삐긋했,1
7814,호박,1
7815,대두,1
7816,완치자,1
7801,벌집진드기,1
7799,에어컨과의,1
7781,풀인,1
7798,금주환경,1
7782,전음,1
7783,넘,1
7784,목넘김,1
7785,성기장애,1
7786,차고,1
7787,간병변이,1
7788,간병,1
7789,요추부,1
7790,물의,1
7791,변경법,1
7792,비악성,1
7793,무능증,1
7794,특징인가요,1
7796,조기박리,1
7797,주량,1
7884,정상생활,1
8027,출생시,1
7886,페질환과의,1
7981,스테로이드제가,1
7983,척추관,1
7984,기승,1
7985,양안,1
7986,호흡기관,1
7987,제공자,1
7988,삼각형,1
7989,혈액질환,1
7990,임신테스트기와,1
7991,공황발작,1
7992,생굴,1
7993,자궁구의,1
7994,자형,1
7995,홍조끼,1
7996,조끼,1
7997,구순포진과의,1
7982,눈가려움,1
7980,내응고,1
7999,아토,1
7979,후견인,1
7964,프로토콜,1
7965,항체검사,1
7966,이마모양,1
7967,결핵과,1
7968,보이는데,1
7969,운전면허,1
7970,철분제가,1
7971,대처의학,1
7972,권유,1
7973,헙심,1
7974,입원비용,1
7975,절약,1
7976,핵과,1
7977,상복부통,1
7978,성인후견인,1
7998,신체염의,1
8000,콜라병,1
7887,자양,1
8020,소변색상,1
8022,후시딘으,1
8023,조리원,1
8024,생리중,1
8025,출산예정일,1
8026,주기성,1
7741,이상하다,1
8028,경련성,1
8029,귓속이명,1
8030,수두인지,1
8031,건성,1
8032,골밀도검사,1
8033,특이점,1
8034,일주일만,1
8035,담요,1
8036,생활태도,1
8021,샤워기,1
8019,테스터기,1
8001,진열품,1
8018,테스터,1
8002,일렬,1
8003,폐농양,1
8004,현기증과,1
8006,새집일,1
8007,생긴,1
8008,회복과정,1
8009,얼음판,1
8010,맨발,1
8011,뇌압,1
8012,소포,1
8013,장화,1
8014,입대,1
8015,퇴,1
8016,퇴소,1
8017,시술치료,1
7963,수면시간,1
7962,생리양의,1
7961,수분부족,1
7905,신체기관,1
7907,극도,1
7908,수분측정도료,1
7909,라미부,1
7910,라미,1
7911,통증을,1
7912,일전,1
7913,비규칙적,1
7914,약물남용,1
7915,방충제,1
7916,주도하,1
7917,상대자,1
7918,대회,1
7919,참가,1
7920,참가하면서,1
7921,인구,1
7906,식이법의,1
7904,법의,1
7960,폭싱증,1
7903,의식변화,1
7888,자양강장제,1
7889,강장제,1
7890,항이뇨호르몬,1
7891,대기시간,1
7892,중동급성,1
7893,항이뇨,1
7894,간병변,1
7895,진료시설,1
7896,근력약화,1
7897,홈레메디,1
7898,보호장비,1
7899,잡곡,1
7900,의료용품,1
7901,기능이상,1
7902,쌀알,1
7922,재범,1
7923,폴립,1
7924,부의,1
7925,감각적,1
7944,변의,1
7945,당뇨변의,1
7946,부러짐,1
7947,범죄율,1
7948,인위적,1
7949,석태,1
7950,배꼽부위,1
7951,복벽,1
7952,성교육,1
7954,비말로,1
7955,말로,1
7956,스피퍼,1
7957,스피퍼거,1
7958,피부트러블,1
7959,시간차로,1
7943,주먹,1
7942,불수의,1
7941,뻐,1
7932,생활스트레스,1
7926,의심질환,1
7927,로만,1
7928,인지훈련,1
7929,가슴축소수술,1
7930,귀국,1
7931,안와,1
7933,임산부의,1
7940,질문서,1
7934,복용약,1
7935,임산,1
7936,폐로,1
7937,심장이식,1
7938,미량,1
7939,언어적인,1
7742,태양,1
7592,도시,1
7740,종자,1
7539,동물인플루엔자,1
7532,개입,1
7533,철인,1
7534,근육이상,1
7535,홍반선,1
7536,식사법,1
7537,요통과,1
7538,현대병,1
7540,피지낭종이,1
7587,하라,1
7541,지낭,1
7542,지낭종,1
7543,말초신경염,1
7544,양방,1
7545,소아청소년기,1
7546,스파링,1
7547,출산후,1
7531,근막염일,1
7530,처제,1
7529,치아관리법,1
7528,목안이,1
7512,소금물,1
7513,주색,1
7514,시력장아,1
7515,가스불,1
7516,해면상,1
7517,해면상뇌증인,1
7518,미비,1
7519,색소질환,1
7521,올케,1
7522,수부티푸스,1
7523,시너지,1
7524,자의,1
7525,가정폭력,1
7526,건조감과,1
7527,환자분의,1
7548,페경기,1
7549,간질간질,1
7550,방광관련,1
7569,유즙,1
7571,수족구병인지,1
7572,기치료,1
7573,하지정맥류일,1
7574,성식,1
7575,역류성식,1
7576,시대의,1
7577,재활절차,1
7578,비염약,1
7579,보장,1
7580,눈영양제,1
7581,회피,1
7582,보호장구,1
7583,장구,1
7584,생식기능,1
7585,유전적인,1
7570,유즙분비,1
7568,수유가,1
7551,설계,1
7567,증명,1
7552,식도선염,1
7553,내종,1
7554,압력감과,1
7555,연속,1
7556,일동안,1
7557,영향력,1
7558,자연유산,1
7559,반선,1
7560,자폐성,1
7561,인대손상,1
7562,워킹,1
7563,발생하는,1
7564,단당류,1
7565,돌출정도,1
7566,병기,1
7511,많이,1
7510,교차,1
7509,응어리,1
7453,모필,1
7455,조기발견,1
7456,답,1
7457,폐재활,1
7458,중첩,1
7459,사춘기기,1
7460,나의,1
7461,대형병원,1
7462,자도,1
7463,운동시간,1
7464,시력변화,1
7465,음주습관,1
7466,발육기,1
7467,신장애,1
7468,아시아,1
7469,모필루스,1
7454,수위,1
7452,트레이닝,1
7471,장사,1
7451,홈트레이닝,1
7436,콧물감기,1
7437,알프라졸람,1
7438,집중도,1
7439,배출량,1
7440,가늠,1
7441,행,1
7442,행동의,1
7443,앞모습,1
7444,재수술,1
7445,코끼리,1
7446,전임,1
7447,심내막,1
7448,테이핑,1
7449,역류식도염의,1
7450,의도,1
7470,제자리,1
7472,루스,1
7508,진통약,1
7491,인후과,1
7493,발명품,1
7494,염려,1
7495,운동법이,1
7496,도재춘관을,1
7497,재춘관을,1
7498,국제적,1
7499,하복통,1
7500,안전하다,1
7501,불일치,1
7502,마사지법,1
7503,추가로,1
7504,지법,1
7505,혈색소뇨증,1
7506,색소뇨,1
7507,비장,1
7492,내안,1
7490,왼쪽편이,1
7473,대체약물,1
7489,유기농,1
7474,겪는,1
7475,알콜중독,1
7476,진료비,1
7477,자가면역요법,1
7478,외상은,1
7479,상은,1
7480,배란장애,1
7481,오해,1
7482,오소리,1
7483,방법이,1
7484,여유증,1
7485,피부속,1
7486,형별,1
7487,노래,1
7488,주야간,1
7586,조심하라,1
7588,트라우마,1
7739,달맞이꽃종자유가,1
7692,면접,1
7685,범죄,1
7686,응급질환,1
7687,피부구멍,1
7688,림프액,1
7689,변이와의,1
7690,간접적,1
7691,뇌발달,1
7693,있는지요,1
7589,요도작열감과,1
7694,내력,1
7695,애완동물,1
7696,물류,1
7697,스파린,1
7698,무릎사이,1
7699,티브이,1
7700,고관절염의,1
7684,주근깨인지,1
7683,오줌량,1
7682,쌍꺼플,1
7681,표시,1
7666,수면욕구,1
7667,소멸,1
7668,유용성,1
7669,수전,1
7670,자임,1
7671,결손일,1
7672,전자파,1
7673,고주파,1
7674,일회용,1
7675,코드,1
7676,발아래,1
7677,신우신염인,1
7678,후성,1
7679,석회,1
7680,호르몬제가,1
7701,박리환자,1
7702,르증후군,1
7703,청결과,1
7722,자율,1
7724,질병명,1
7725,우선,1
7726,우선순위,1
7727,순위,1
7728,부계,1
7729,귀코목,1
7730,무게감,1
7731,세계,1
7732,근육경련,1
7733,양육환경,1
7734,양육,1
7735,성장배경,1
7736,식이용법,1
7737,용법,1
7738,성장과정,1
7723,자율신경계,1
7721,달기,1
7704,다원,1
7720,생화학,1
7705,수면다원검사,1
7706,약처방,1
7707,호홉곤란,1
7708,양눈,1
7709,구내염인,1
7710,중복,1
7711,동상일,1
7712,항암제도,1
7713,상가,1
7714,체력단련,1
7715,단련,1
7716,약물검사,1
7717,음주가,1
7718,람들,1
7719,황달끼,1
7665,난임,1
7664,규범,1
7663,꿀팁,1
7607,레메디나,1
7609,포경진단,1
7610,다리저,1
7611,자궁조직,1
7612,통풍발작,1
7613,감염균,1
7614,반사,1
7615,소질,1
7616,스픈형으,1
7617,각성제,1
7618,용천,1
7619,흉막염,1
7620,효과성은,1
7621,공명영상,1
7622,강박적인,1
7623,강약이,1
7608,메디나,1
7606,물적,1
7625,저지방,1
7605,비약물적,1
7590,우마,1
7591,심남염,1
8038,문화적,1
7593,아이나,1
7594,습도유지,1
7595,과식등,1
7596,종사자가,1
7597,마비환자,1
7598,체외충격파치료,1
7599,자유,1
7600,달맞이꽃종자유,1
7601,생체조직,1
7602,가동범위,1
7603,염두,1
7604,비약,1
7624,외형상의,1
7626,성장지연,1
7662,조영,1
7645,필터,1
7647,기사,1
7648,병성,1
7649,전통적,1
7650,각질층,1
7651,검사비가,1
7652,동만,1
7653,다당류,1
7654,신혼부부,1
7655,농축,1
7656,농축수산물,1
7657,백색,1
7658,서구,1
7659,면역접종,1
7660,좌골신경통일,1
7661,가정치료,1
7646,버스,1
7644,대머리,1
7627,면속옷,1
7643,동맥염,1
7628,관절마디,1
7629,지리산,1
7630,입밖,1
7631,바다,1
7632,수면중,1
7633,예약방법,1
7634,대장염과,1
7635,증가하나,1
7636,기법,1
7637,진행상태,1
7638,골증,1
7639,절개수술,1
7640,중상,1
7641,중요도,1
7642,위조영검사,1
8037,수술치료법,1
8187,복구,1
8039,안검하수일,1
8451,석의,1
8444,분비량,1
8445,무도병,1
8446,젖구멍,1
8447,촬,1
8448,촬형,1
8449,영아들,1
8450,심막,1
8452,시원,1
8347,마사지가,1
8453,과체중이면서,1
8454,이면서,1
8455,필러,1
8456,번꼴,1
8457,꼴,1
8458,다이어리,1
8459,뒤틀림,1
8443,위액,1
8442,항셍,1
8441,고열병으,1
8440,목젓,1
8425,수분측정도,1
8426,소화법,1
8427,임신전,1
8428,신이식이,1
8429,수면발작,1
8430,무산소운동과의,1
8431,착란,1
8432,뇌동백,1
8433,동백,1
8434,현실적,1
8435,실적,1
8436,응급시술,1
8437,떡볶이,1
8438,치매초기,1
8439,결정체,1
8460,셍,1
8461,통증체계,1
8462,이때,1
8481,홈쇼핑,1
8483,증상화,1
8484,살의,1
8485,구개열일,1
8486,개선점,1
8487,선점,1
8488,하지불안,1
8489,화상일,1
8490,발육상태,1
8491,피브리,1
8492,피브리오,1
8493,증가증진단,1
8494,움직임에,1
8495,공감,1
8496,파스,1
8497,무취,1
8482,꾸중,1
8480,당뇨병환자,1
8463,자기보고식,1
8479,보고,1
8464,셀프,1
8465,전위증,1
8466,눈위,1
8467,주말,1
8468,중풍,1
8469,필요한지,1
8470,히르슈슈프룽병,1
8471,슈슈프룽,1
8472,종야,1
8473,난포,1
8474,심근염과,1
8475,편도절,1
8476,거칠음,1
8477,임심,1
8478,정삭,1
8424,분만후,1
8423,편의,1
8422,소음인,1
8366,마찰,1
8368,인후염과,1
8369,자문,1
8370,보호장치,1
8371,푸록,1
8372,관상,1
8373,관상동맥,1
8374,최대,1
8375,미확인,1
8376,골반초음파,1
8377,위생습관,1
8378,푸리에,1
8379,자가교정,1
8380,송곳,1
8381,비외과,1
8382,본태,1
8367,관해,1
8365,티푸리에,1
8384,보철치료,1
8364,징,1
8349,다식,1
8350,동전모양,1
8351,러기란,1
8352,숙부,1
8353,살모넬라,1
8354,표면적,1
8355,섬유종인지,1
8356,고온다습,1
8357,다습,1
8358,광우,1
8359,광우병의,1
8360,빨래,1
8361,말기일,1
8362,기일,1
8363,그림자가,1
8383,보철,1
8385,테스토스테론,1
8421,라식과,1
8404,알콜올,1
8406,이상행동,1
8407,사의,1
8408,여성호르몬제의,1
8409,재개,1
8410,등교,1
8411,멍울인가요,1
8412,울인,1
8413,의료품,1
8414,부음증상,1
8415,형의,1
8416,예비맘,1
8417,감정표현,1
8418,중간층,1
8419,사회성문제,1
8420,뇌전증과,1
8405,케첩,1
8403,폐암증상,1
8386,요양병원치료,1
8402,공통적으로,1
8387,평생동안,1
8388,흐맀함,1
8389,연탄,1
8390,취약해지,1
8391,년전,1
8392,표적치료,1
8393,성인패드,1
8394,르레,1
8395,횡,1
8396,젓,1
8397,충동구매,1
8398,한의사의,1
8399,입안과,1
8400,접영,1
8401,올,1
8498,무취담황색,1
8499,담황색,1
8500,자가측정결과,1
8597,검진결과,1
8599,사시증세,1
8600,안구약,1
8601,돌이,1
8602,노년,1
8603,복수치료,1
8604,이사했는데에,1
8605,당뇨망막변증,1
8606,지능발달장애,1
8607,권위,1
8608,이상증상,1
8609,에스,1
8610,포함될까요,1
8611,연쇄상,1
8612,일부인가요,1
8613,창피,1
8598,중심부분,1
8596,소낭종,1
8615,내분비학과,1
8595,잠수병,1
8580,복합적,1
8581,얼음물,1
8582,옻과,1
8583,외상스트레스,1
8584,현탁액,1
8585,개그,1
8586,승화,1
8587,개그맨,1
8588,유방안,1
8589,혈뇨일,1
8590,국소,1
8591,위점막,1
8592,내막인,1
8593,마비증상,1
8594,갑상선호르몬제가,1
8614,임신중인,1
8616,정도인지도,1
8578,톡소,1
8635,투명도,1
8637,호흡기내과,1
8638,자체,1
8640,공갈,1
8641,영유아의,1
8642,수능,1
8644,부정확,1
8645,수도권,1
8646,발등에,1
8647,사계절,1
8648,사계절동안,1
8649,근육약화,1
8650,반발,1
8651,반발통,1
8652,세포검사,1
7434,학교생활,1
8636,자체면역,1
8634,뇌흑질의,1
8617,인지도,1
8633,질의,1
8618,고산병일,1
8619,항갑상선,1
8620,당황,1
8621,배의,1
8622,요로전환술,1
8623,연쇄상구균,1
8624,낙타,1
8625,사포,1
8626,일반검진,1
8627,석증과,1
8628,비판,1
8629,비판터,1
8630,일차적인,1
8631,일부인,1
8632,마련,1
8579,선근증,1
8577,징후일,1
8501,없애줄,1
8520,수급자,1
8523,프리즘,1
8524,초음파상,1
8525,신경종,1
8526,뻗뻗,1
8527,장티부스,1
8528,분화,1
8529,분화암,1
8530,미분화암,1
8531,수질암,1
8532,드레싱,1
8533,하나만,1
8534,적녹색약,1
8535,남자친구,1
8536,부스,1
8537,소변양의,1
8522,모래알,1
8519,충농,1
8539,내과의사,1
8518,소주,1
8502,공기덩어리,1
8503,중고등학생,1
8504,동절기,1
8505,생소,1
8506,치료수단,1
8508,이견,1
8509,침윤성,1
8510,누,1
8511,누난,1
8512,직압,1
8513,작열감과,1
8514,압박감이,1
8515,외측,1
8516,소요시간,1
8517,얼마정도,1
8538,융기,1
8540,일상적인,1
8576,부작요가,1
8559,외할머니,1
8561,봄가을,1
8562,이완기,1
8563,혈액응고,1
8564,에어로빅,1
8565,중임,1
8566,샤워기로,1
8567,뻗뻗함,1
8568,차원,1
8569,있습니다,1
8570,톡소플라스마,1
8571,재료,1
8572,인체감염증과,1
8573,오버,1
8574,호흡소리,1
8575,카사이,1
8560,케톤식이,1
8558,소인,1
8541,환부,1
8557,림프계통,1
8542,정의상,1
8543,지나요,1
8544,나요,1
8545,죄책감,1
8546,미분화,1
8547,유두암,1
8548,확립,1
8549,기로,1
8550,행복감,1
8551,이웃집,1
8552,개의,1
8553,주의집중력결핍,1
8554,안면홍조,1
8555,열중,1
8556,무릎상,1
8348,임신테스트,1
8346,표의,1
8040,유해물질,1
8143,의료보험,1
8136,감별,1
8137,젖니,1
8138,소아정신건강,1
8139,피곤하다,1
8140,감염원,1
8141,에탄올,1
8142,유산인지,1
8144,정신력,1
8345,여자아이,1
8145,내면,1
8146,저음,1
8147,장애치료,1
8148,후송,1
8149,효과적이고,1
8150,결과지가,1
8151,항암치료제,1
8135,편발성,1
8134,비외과적인,1
8133,조기출산,1
8132,비만체질,1
8117,그때,1
8118,자존감이,1
8119,감별점,1
8120,공항증상,1
8121,기생충이냐,1
8122,이냐,1
8123,치태,1
8124,대상포진일,1
8125,맹견,1
8126,사구체신염일,1
8127,복강내의,1
8128,구분법,1
8129,재감염,1
8130,척수측만증,1
8131,혈압관리,1
8152,작년,1
8153,올해,1
8154,식품첨가물,1
8173,라미실,1
8175,원스,1
8176,외용액,1
8177,용액,1
8178,혈절,1
8179,촬영법,1
8180,자기관리,1
8181,악화되는,1
8182,복용중,1
8183,암일,1
8184,가습,1
8185,군데,1
8186,군데일,1
8188,폐경호르몬요법,1
8189,마음가짐,1
8190,티비,1
8174,라미실원스,1
8172,사회불안,1
8155,무릅,1
8171,운동방법,1
8156,릅,1
8157,진화,1
8158,원위치,1
8159,피부암일,1
8160,쇠약감과,1
8161,주의집중,1
8162,조언사항,1
8163,변뇨,1
8164,과다축척,1
8165,축척,1
8166,대상자,1
8167,데임,1
8168,담자,1
8169,요리,1
8170,조영제,1
8116,전립선염의,1
8115,생체검사,1
8114,회시간,1
8058,출혈반,1
8060,녹내장일,1
8061,생명체,1
8062,정신분열병,1
8063,편도선절제,1
8064,셔츠,1
8065,이것을,1
8066,보호조치,1
8067,호흡조절,1
8068,폐쇄형과,1
8069,형과,1
8070,혼합형,1
8071,우울감이,1
8072,훈련법,1
8073,월경시,1
8074,감염시,1
8059,유리체,1
8057,불임병,1
8076,치질약,1
8056,산소치료,1
8041,중추신경,1
8042,자극제,1
8043,잔여,1
8044,잔여감이,1
8045,뇌출현,1
8046,고도비만,1
8047,검진을,1
8048,오진단,1
8049,컵라면,1
8050,측정시,1
8051,해열,1
8052,흉부통증,1
8053,윗목,1
8054,분열병,1
8055,경시,1
8075,있을지,1
8077,불일정,1
8113,약물이외,1
8096,갑자,1
8098,옷의,1
8099,가정요법,1
8100,책정,1
8101,얼굴부종,1
8102,비만환자,1
8103,불씨,1
8104,저온화상,1
8105,유산시,1
8106,자가요법,1
8107,자기면역질환,1
8108,지출,1
8109,성감각,1
8110,목쉼,1
8111,쉼,1
8112,덩이,1
8097,출혈후의,1
8095,상반신,1
8078,양수과,1
8094,반팔,1
8079,수과,1
8080,접착제,1
8081,증상이,1
8082,상이,1
8083,문맹인,1
8084,단어,1
8085,홍반의,1
8086,반의,1
8087,신장과,1
8088,주제,1
8089,공황장애일,1
8090,물푸레,1
8091,물푸레나무,1
8092,물푸레나무속,1
8093,첨단,1
8191,서울,1
8192,갑상선물,1
8193,몸상태,1
8289,컴퓨터단층촬영,1
8291,고알도스테,1
8292,자궁적출,1
8293,심적,1
8294,원인이,1
8295,적응성,1
8296,망막정맥폐쇄,1
8297,단감,1
8298,순서대,1
8299,준비과정,1
8300,심박동,1
8301,알칼리즘,1
8302,검사비,1
8303,흉선종,1
8304,목수일,1
8305,위치상,1
8290,도스,1
8288,통풍약이,1
8307,황체기,1
8287,당뇨인,1
8272,포터,1
8273,건강진단,1
8274,것을,1
8275,심리검사,1
8276,선택과,1
8277,재춘관,1
8278,괄약근,1
8279,포진이,1
8280,농사일,1
8281,조절기능,1
8282,대항,1
8283,시험지,1
8284,도재춘관,1
8285,목도리,1
8286,영양상태,1
8306,슬관절,1
8308,타박상,1
8270,영양부족,1
8327,인의,1
8329,자월,1
8330,자월경과,1
8331,경제적,1
8332,해삼물,1
8333,해삼,1
8334,기란,1
8335,격막,1
8336,지식,1
8337,복부팽만감,1
8338,이명현상,1
8339,확정,1
8340,혈관확장제가,1
8341,온의,1
8342,형액,1
8343,폐성숙,1
8328,식중흡인,1
8326,뇌검진,1
8309,안면골수종,1
8325,근골격게질환,1
8310,단기간내,1
8311,상화,1
8312,혼합식사,1
8313,링,1
8314,새우,1
8315,페스트열의,1
8316,엄지발,1
8317,잇몸뼈,1
8318,요리법,1
8319,성질,1
8320,고등어구이,1
8321,혈장속,1
8322,청진검사,1
8323,구내염일,1
8324,비브리오균,1
8271,해리포터,1
8269,무호흡증인,1
8194,저나트륨,1
8212,횟감,1
8214,테라피,1
8215,틱증상,1
8216,화이자,1
8217,이자,1
8218,마찬가지,1
8219,용어인가요,1
8220,최상,1
8221,스테로이드약,1
8222,검안,1
8223,뒤통수,1
8224,요약,1
8225,독특,1
8226,캠핑과의,1
8227,진전증상,1
8228,검사당일,1
8213,테라,1
8211,태아와,1
8230,윗눈꺼풀,1
8210,중심적,1
8195,성격장애,1
8196,마른비만,1
8197,혈압치료,1
8198,악성전환,1
8199,향균제,1
8200,평상,1
8201,돌출입이,1
8202,앞가습부분,1
8203,머리쪽,1
8204,임시적,1
8205,고혈당증과,1
8206,발생확률,1
8207,뿐,1
8208,원공개존증,1
8209,존,1
8229,증상만,1
8231,생리양이,1
8268,지로,1
8250,양도,1
8252,전근,1
8253,제시간,1
8254,병상,1
8255,기관지염일,1
8256,비만도가,1
8257,땅벌,1
8258,회백수,1
8259,회백수염과,1
8260,잠깐,1
8261,개로,1
8262,폐닐케톤뇨증,1
8264,대처법,1
8265,결석일,1
8266,시스,1
8267,림프계,1
8251,회전근,1
8249,말라가,1
8232,식용부진,1
8248,양극,1
8233,일본산,1
8234,재활을,1
8235,원적외선,1
8236,콜레라균,1
8237,마사지기,1
8238,지기,1
8239,식초,1
8240,평콘,1
8241,없이도,1
8242,검사기관,1
8243,면역력결핍증,1
8244,사슬,1
8245,형질세포,1
8246,형질,1
8247,헤어제품,1
7435,구급대원,1
6729,클라라인펠터,1
7433,대원,1
6613,십이지장,1
6606,내이비인,1
6607,제휴,1
6608,질수록,1
6609,나스,1
6610,알코올섭취,1
6611,십이지,1
6612,구내암,1
6614,건전,1
6509,가공육류,1
6615,병원치료,1
6616,품질,1
6617,하기,1
6618,신부전은,1
6619,전은,1
6620,찬바람,1
6621,배제,1
6605,수급,1
6604,트리코모나스증,1
6603,제휴사이트,1
6602,키스,1
6587,맹장염일,1
6588,회귀회로,1
6589,율,1
6590,고농축,1
6591,간염보균자,1
6592,회로,1
6593,간뇌,1
6594,간뇌증,1
6595,단락,1
6596,강아지털,1
6597,증발,1
6598,초초,1
6599,삭신,1
6600,지적장애아,1
6601,단주,1
6622,감각신경,1
6623,중절,1
6624,완화하기,1
6644,좁쌀알,1
6646,안구통,1
6647,행복,1
6648,행복하다,1
6649,안경점,1
6650,관념,1
6651,칸디다균,1
6652,신맛,1
6653,시신경염과,1
6654,관절염치료,1
6655,수면리듬,1
6656,냄비,1
6657,차서,1
6658,섬유종일,1
6659,현훈,1
6660,뛰와,1
6645,대함,1
6643,만남,1
6625,드라이,1
6642,교체술,1
6626,드라이아이스,1
6627,중절수술,1
6628,카락,1
6629,수박씨,1
6630,선천적인지,1
6632,분기,1
6633,안검염,1
6634,루가,1
6635,나선균,1
6636,유전인자,1
6637,청소부,1
6638,혈관청소부,1
6639,좌상,1
6640,질좌상,1
6641,건강식,1
6586,욕설,1
6585,트리코,1
6584,회귀,1
6528,비효과적인,1
6530,빨,1
6531,입마름,1
6532,골반근육운동,1
6533,수면환경,1
6534,안주,1
6535,병증세,1
6536,이완성,1
6537,난로,1
6538,자반증,1
6539,수분량,1
6540,윗니,1
6541,원숭이,1
6542,급성골수성,1
6543,혐기성,1
6544,혐기성균,1
6529,파래짐,1
6527,파래,1
6546,불안증,1
6526,당뇨수치인,1
6511,월리암스,1
6512,근육수축,1
6513,태반주사,1
6514,불확실,1
6515,번식,1
6516,중독인지,1
6517,식도락,1
6518,웠,1
6519,공복혈당,1
6520,수치인,1
6521,동물성지방,1
6522,당의,1
6523,체지방율과,1
6524,곰팡,1
6525,부적합,1
6545,녹농균,1
6547,피진,1
6583,갈색세포종과,1
6566,등껍질,1
6568,유전자검사,1
6569,수급자가,1
6570,선암,1
6571,운동과,1
6572,몸살감기,1
6573,코란딜,1
6574,자궁질환,1
6575,성문상부암,1
6576,성문,1
6577,청취소견,1
6578,유당분해효소결핍,1
6579,오미자차가,1
6580,동과,1
6581,불편증,1
6582,중기증상,1
6567,석증치료,1
6565,압통이라,1
6548,미용사,1
6564,고름집,1
6549,산모의,1
6550,음성간균,1
6551,간균,1
6552,노안이,1
6553,질병명인,1
6554,파이정,1
6555,이정,1
6556,보습과,1
6557,제약사항,1
6558,얼마전,1
6559,트랜스,1
6560,불확실하다,1
6561,제일,1
6562,다중인격장애,1
6563,거북이,1
6661,포함되고,1
6662,금치산,1
6663,코털,1
6760,통한,1
6762,따끔거리며,1
6763,활의학과,1
6764,실치가,1
6765,불빛,1
6766,치가,1
6767,평상시,1
6768,진단용,1
6769,특수장비,1
6770,우울하다,1
6771,활의,1
6772,일반암,1
6773,한눈,1
6774,겉,1
6775,염증후색소침착,1
6776,치료효과,1
6761,노즈큐,1
6759,완쾌,1
6778,잘,1
6758,직경,1
6743,만성신우,1
6744,비후증,1
6745,보건정책,1
6746,황과,1
6747,지능지수,1
6748,전공,1
6749,적록색,1
6750,적록색약이,1
6751,장딴지,1
6752,번의,1
6753,진단서,1
6754,동영상,1
6755,항문외과,1
6756,검강검진,1
6757,큐,1
6777,운동치료법이,1
6779,지체장애아이,1
6741,식이유황과,1
6799,임박,1
6801,생활면,1
6802,습취가,1
6803,루론산,1
6804,루론,1
6805,정신장애,1
6806,증상별,1
6807,면역결핍,1
6808,식인,1
6809,발전소,1
6810,마사지하,1
6811,대면,1
6812,취침,1
6813,봉와직염과,1
6814,문어,1
6815,선크림,1
6800,방사능,1
6798,이반,1
6780,반응검사,1
6797,취가,1
6781,사유,1
6782,영유아기,1
6783,기면발작,1
6784,남녀간의,1
6785,지속기간,1
6786,어린이기,1
6787,중요하다,1
6788,폐경과,1
6789,폐환기,1
6790,풍진일,1
6791,허리뼈,1
6793,출산한,1
6794,묘기,1
6795,와인,1
6796,세안법과,1
6742,판매직,1
6740,백신접종,1
6664,재산,1
6682,피임약일,1
6684,타격,1
6685,두드러기치료,1
6686,라이프스타일,1
6687,항히스타민제가,1
6688,빙판,1
6689,기준차,1
6690,안면부,1
6691,운치,1
6692,개운치,1
6693,집의,1
6694,변지,1
6695,특이적인,1
6696,바이러스일,1
6697,쿠스,1
6698,불리쿠스,1
6683,약일,1
6681,야구,1
6700,주라,1
6680,팡이,1
6665,종교,1
6666,볼륨,1
6667,구순포진일,1
6668,미술,1
6669,접촉과의,1
6670,위턱,1
6671,전립선염인지,1
6672,편암,1
6673,일치성,1
6674,방망이,1
6675,코란딜이,1
6676,구분점,1
6677,윗눈꺼풀올림근,1
6678,올림,1
6679,틈새,1
6699,불리,1
6701,유병률,1
6739,청성,1
6720,감사,1
6722,퇴화,1
6723,불가능하다,1
6724,언행,1
6725,플랫슈즈,1
6726,적색골수,1
6727,설치,1
6728,혈당치,1
6730,챙피,1
6731,장미진,1
6732,신경생리학,1
6733,나이임,1
6734,진동파,1
6735,답변,1
6737,진행속도,1
6738,선청성,1
6721,연로,1
6719,심장쪽,1
6702,변지림,1
6718,안약이,1
6703,여야,1
6704,간과,1
6705,담즙,1
6706,지방간과,1
6707,재사,1
6708,이하여야,1
6709,레보도파,1
6710,클렌저,1
6711,리듬,1
6712,하루나,1
6713,목발,1
6714,자기주,1
6715,마무리,1
6716,환우,1
6717,그중,1
6510,명인,1
6508,염장음식,1
6817,수십번,1
6308,주의해야,1
6300,에데,1
6302,안전성과,1
6303,배양법,1
6304,진단처,1
6305,유두균열,1
6306,양계장,1
6307,기침감기,1
6309,공포심,1
6507,월리,1
6310,오십,1
6311,관리방법,1
6312,당뇨환자,1
6313,척수성,1
6314,월경혈,1
6315,면역검사,1
6316,부황,1
6299,주기도,1
6298,충돌,1
6297,독성물질,1
6296,치료기간,1
6281,풍선,1
6282,프트리약손,1
6283,지남,1
6284,보도,1
6285,소듐,1
6286,계,1
6287,급성신우신염의,1
6288,러시아,1
6289,만성인지의,1
6290,농피증,1
6291,자가수혈용혈질환,1
6292,랜,1
6293,대소변시,1
6294,직종,1
6295,균열,1
6317,뼈밀도,1
6318,귓,1
6319,불임일,1
6338,다중인격,1
6340,소독약,1
6341,간담석이,1
6342,골절상,1
6343,구순염일,1
6344,갑상선항진증,1
6345,추가되는지,1
6346,중단하면,1
6347,예방관리,1
6348,안의,1
6349,더,1
6350,체계적,1
6351,유방암인지,1
6352,주걱,1
6353,발진발진티푸스,1
6354,광,1
6339,추천되나요,1
6337,배출물,1
6320,과면역,1
6336,곱,1
6321,참기름,1
6322,하이,1
6323,발현시기,1
6324,마취과,1
6325,가슴부분,1
6326,하이랜더,1
6327,신장성,1
6328,미국산,1
6329,안정감,1
6330,입원기간,1
6331,테이트,1
6332,진가요,1
6333,휴가철,1
6334,몸속,1
6335,광요법,1
6280,사고력,1
6279,안과의사,1
6278,신경모세포종일,1
6221,프트리악손,1
6223,과잉증,1
6224,오십견,1
6225,종양부위,1
6226,검사과정,1
6227,백일,1
6228,내시경초음파,1
6229,태몽,1
6230,콧속,1
6231,디소듐에데테이트,1
6232,붓기의,1
6233,심장질환과의,1
6234,요로계,1
6235,스텐트,1
6236,결절일,1
6237,벤더,1
6222,마사지도,1
6220,사랑니일,1
6239,멍해진,1
6219,정신건강상의,1
6204,미착용,1
6205,전면부,1
6206,직장체온,1
6207,전면,1
6208,정신집중,1
6209,레시피,1
6210,삼복더위,1
6211,벤더미신,1
6212,약손,1
6213,음량,1
6214,위험지역,1
6215,삼복,1
6216,변조,1
6217,공사,1
6218,하키,1
6238,연령대의,1
6240,막이,1
6277,면역세포,1
6260,미신,1
6262,암성,1
6263,조영술,1
6264,병동,1
6265,러닝머신,1
6266,아밀로이드증,1
6267,주입,1
6268,데노이드,1
6269,외식,1
6270,스키장,1
6271,절제수술,1
6272,불결,1
6273,폐기종이,1
6274,망개뿌리,1
6275,망,1
6276,대처방법,1
6261,약해진,1
6258,직장생활,1
6241,부정맥일,1
6257,큰,1
6242,간담,1
6243,대상포진인지,1
6244,고혈압과의,1
6245,검진시,1
6246,닭다리,1
6247,소변횟수,1
6248,충녹증,1
6249,격리병동,1
6250,맛과,1
6251,비염인지의,1
6252,유행지역,1
6253,콩팥병이,1
6254,땀띠인지,1
6255,피부변화,1
6256,예방접종약물,1
6355,뜸,1
6356,성도,1
6357,유익균,1
6452,강습,1
6454,케톤식,1
6455,골수성백혈병,1
6456,성숙기,1
6457,산재,1
6458,막내,1
6459,산재처리,1
6460,이상적,1
6461,며느리,1
6462,진행중,1
6463,핵,1
6464,알려져,1
6465,알레르기성과,1
6466,소수,1
6467,채기,1
6468,소수포,1
6453,횡단,1
6451,횡단염,1
6470,국내외,1
6450,실내운동,1
6435,파트너와,1
6436,자의적,1
6437,너와,1
6438,동이,1
6439,해외생활,1
6440,치료후,1
6441,항결핵,1
6442,나머지,1
6443,강령,1
6444,폐렴일,1
6445,영양법,1
6446,보균자임,1
6447,부작용일,1
6448,공통,1
6449,심리학,1
6469,추세,1
6471,처방약,1
6433,통조림,1
6490,기저질환,1
6492,진단방법,1
6493,탈모증과,1
6494,맥락,1
6495,가임기의,1
6496,가임,1
6497,내분비질환,1
6498,부부관계,1
6499,심사,1
6500,논문,1
6501,세균인지,1
6502,금기사항,1
6503,항고,1
6504,귀걸이,1
6505,보고서,1
6506,초막,1
6491,탈모샴푸,1
6489,뇌사상태,1
6472,정맥영양법,1
6488,대인기피증,1
6473,위험한지,1
6474,배뇨곤란,1
6475,감염질환,1
6476,간변,1
6477,보조치료법이,1
6478,막내피,1
6479,자가수혈질환,1
6480,오전,1
6481,교정의,1
6482,과증식,1
6483,마이코플라스마,1
6484,삼각,1
6485,학회의,1
6486,토오스혈정의,1
6487,발굽,1
6434,소속,1
6432,파트,1
6358,지방종이,1
6376,탈수현상,1
6378,식단관리,1
6379,간암수술,1
6380,크림색,1
6381,태교,1
6382,튜브,1
6383,검사도구,1
6384,리터,1
6385,유분기,1
6386,제시경,1
6387,강경,1
6388,수시간,1
6389,면의,1
6390,간주위,1
6391,굴절면의,1
6392,눈질환,1
6377,역성,1
6375,원주,1
6394,인상,1
6374,장바이러스,1
6359,노산일,1
6360,성관계로,1
6361,경중,1
6362,형성과정,1
6363,불규칙하다,1
6364,주취자,1
6365,치료기기,1
6366,관절영이,1
6367,위원,1
6368,교모세포종과,1
6369,산증인,1
6370,악성도,1
6371,동위원소,1
6372,식이염,1
6373,유방초음파,1
6393,쇼,1
6395,생존율을,1
6431,월경일,1
6414,근육괴사,1
6416,항고혈압,1
6417,내과의,1
6418,서,1
6419,진단소,1
6420,기관지천식,1
6421,투입,1
6422,너,1
6423,잠자는,1
6424,착색,1
6425,소변배뇨,1
6426,건조해지,1
6427,햠,1
6428,피부상태,1
6429,인도,1
6430,붉은기,1
6415,수면습관,1
6413,옆면,1
6396,쇼파,1
6412,불안정장애,1
6397,뇌종양과의,1
6398,불규칙한,1
6399,입식,1
6400,수전증,1
6401,한번쯤,1
6402,입식생활,1
6403,바깥막,1
6404,비말과,1
6405,결과지에,1
6406,교모세포종일,1
6407,테스트기,1
6408,유튜브,1
6409,오염물질,1
6410,혹사,1
6411,골량,1
6816,포도상구균,1
6818,상세,1
7432,추정,1
7230,소론,1
7223,정과,1
7224,돈,1
7225,소론돈정과,1
7226,소모,1
7227,제거하나,1
7228,혈관염과,1
7229,약해지면,1
7231,메르스,1
7126,공격성,1
7232,대칭,1
7233,개인용,1
7234,골반암,1
7235,방석,1
7236,산욕,1
7237,눈밑,1
7238,결핍바,1
7222,묵,1
7221,묵복,1
7220,자라,1
7219,혼미,1
7204,전기치료,1
7205,무좀균,1
7206,눈의,1
7207,레롤,1
7208,롤,1
7209,간영이,1
7210,단트롤린,1
7211,허리쪽,1
7212,부종과,1
7213,주도,1
7214,치료기구,1
7215,코속,1
7216,껍데기,1
7217,사이코패스라,1
7218,신경계질환,1
7239,이십년,1
7240,치료요법,1
7241,위험할,1
7260,여성암,1
7262,하일,1
7263,필리핀,1
7264,군발두통,1
7265,브랜드,1
7266,발육지연,1
7267,당뇨가족력,1
7268,불안정하다,1
7270,삼,1
7271,삼천판,1
7272,모임,1
7273,팔뚝,1
7274,뇌영상,1
7275,고글,1
7276,피부검사,1
7277,성화,1
7261,상급병원,1
7259,출혈반이,1
7242,근긴장성,1
7258,수술방법,1
7243,발병원인,1
7244,멜라닌,1
7245,양악수술,1
7246,생체기의,1
7247,유착,1
7248,만삭아의,1
7249,재발병,1
7250,후외과,1
7251,보양,1
7252,산욕열일,1
7253,추가적으로,1
7254,헤르페스바이러스,1
7255,계속적인,1
7256,건막,1
7257,입주,1
7203,고열증과,1
7202,장년층,1
7201,저하증세,1
7145,맥박수가,1
7147,검시,1
7148,지역별,1
7149,지렁이,1
7150,실지렁이,1
7151,시일,1
7152,색감각,1
7153,폐암말기,1
7154,선홍색,1
7155,천자,1
7156,어진,1
7157,구부,1
7158,형간염보균자,1
7159,속인,1
7160,보조장치,1
7161,통보,1
7146,값,1
7144,지하방,1
7163,정신지체,1
7143,시멘트,1
7128,구급차로,1
7129,슈즈,1
7130,생검,1
7131,행인,1
7132,물면,1
7133,레이노,1
7134,매력,1
7135,최저,1
7136,최저값,1
7137,구류,1
7138,작열통,1
7139,식이문맥,1
7140,종사자,1
7141,제조업,1
7142,침구류,1
7162,과다출혈,1
7164,음낭수종이외,1
7200,연고제외,1
7183,규정,1
7185,묘사,1
7186,영적능력,1
7187,덩,1
7188,에티오피아,1
7189,착각,1
7190,맨손,1
7191,만성질환,1
7192,귀안,1
7193,고름물집,1
7194,방사,1
7195,방사사선,1
7196,사선,1
7197,당뇨선,1
7198,간조직,1
7199,가슴증,1
7184,자기정체성,1
7182,덩어진,1
7165,소지,1
7181,맥막수가,1
7166,튀여,1
7167,구축,1
7168,문맹,1
7169,접촉시,1
7170,마지막,1
7171,까치발,1
7172,몸집,1
7173,사람간,1
7174,위험요인,1
7175,영적,1
7176,계산,1
7177,한쪽속눈썹,1
7178,허약,1
7179,후손,1
7180,시겔라균으,1
7278,보유,1
7279,시겔라,1
7280,식탐,1
7376,부주의함,1
7378,회의시간,1
7379,아담스,1
7380,열감소제,1
7381,소제,1
7382,재활용,1
7383,피비,1
7384,해당될,1
7385,혈관벽,1
7386,자야,1
7387,보이는,1
7389,오빠,1
7390,골무,1
7391,시도하면,1
7392,허탈,1
7393,췌장염과,1
7377,밤길,1
7375,백료,1
7395,기억상실,1
7373,욕실,1
7358,복원,1
7359,건염약,1
7360,상충,1
7361,테두리,1
7362,조사결과,1
7363,탄,1
7364,이레,1
7365,피비침,1
7366,과잉분비,1
7367,자궁경부염과,1
7368,강약과,1
7369,항히스타민제의,1
7370,잠꼬대,1
7371,선그라스,1
7372,그라스,1
7394,향후,1
7396,박리일,1
7356,열도,1
7415,방침,1
7417,상단,1
7418,소화제,1
7419,골반경,1
7420,대동소이,1
7421,대동소이하다,1
7422,산성,1
7423,질환자,1
7424,만성화,1
7425,양치법,1
7426,근세포,1
7427,손발건초염,1
7428,고무공,1
7429,신부전임,1
7430,목마름,1
7431,경동맥,1
7416,근이완제,1
7414,난폭,1
7397,충란,1
7413,자제력,1
7398,이경,1
7399,이완기의,1
7400,일주일전,1
7401,수술후,1
7402,두드러기인지,1
7403,추,1
7404,정상인,1
7405,건강검진센터,1
7406,격심,1
7407,영양실조,1
7408,고탄수화물,1
7409,운동습관,1
7410,만성신부전과,1
7411,배뇨장애인,1
7412,쥐젖인지,1
7357,잠복고환증과,1
7355,민첩성,1
7281,폭,1
7299,불명열증,1
7301,병환,1
7302,위험하다,1
7303,고름물질,1
7304,소아건선,1
7305,다자녀,1
7306,싱증후군,1
7307,러기의,1
7308,종합검진,1
7309,자궁경관원형결찰술,1
7310,배달,1
7311,배달음식,1
7312,작업실,1
7313,작업환경,1
7314,과일냄새,1
7315,사시증상,1
7300,중요한,1
7298,성은,1
7317,행동장애,1
7297,생활자세,1
7282,폭세,1
7283,심부전증,1
7284,외쪽,1
7285,일어나도,1
7286,이형성화,1
7287,신축,1
7288,농흉과의,1
7289,주변환경,1
7290,아마씨,1
7291,부분도,1
7292,요골,1
7293,요골신경통,1
7294,발달문제,1
7295,약시인,1
7296,건물,1
7316,결찰술,1
7318,약믈,1
7354,지구력,1
7337,재획득,1
7339,강하제,1
7340,직업군의,1
7341,페렴구균,1
7342,페렴,1
7343,베,1
7344,팔리,1
7345,듐,1
7346,염식과,1
7347,불이익,1
7348,정지,1
7349,요의,1
7350,희귀암,1
7351,발표,1
7352,직면,1
7353,종료,1
7338,경구혈당강하제,1
7336,기면증세,1
7319,근강화,1
7335,기침소리,1
7320,성기부분,1
7321,성에,1
7322,군의,1
7323,오옴,1
7324,잉크,1
7325,감기열,1
7326,당뇨병약,1
7327,주인공,1
7328,의료기계,1
7329,안전성에,1
7330,담관염,1
7331,난소기능,1
7332,정기점검,1
7333,점검,1
7334,의료기술,1
7127,개인병원,1
7125,유지가,1
6819,신체발달,1
6923,다림질,1
6916,연인,1
6917,반복적인,1
6918,찌꺼기,1
6919,오른팔,1
6920,배변색,1
6921,타미플루,1
6922,늦겨울,1
6924,울혈,1
7124,아미노,1
6925,경부강직,1
6926,염증약,1
6927,흑빛,1
6928,치마,1
6929,폐쇄증상,1
6930,뒷굽,1
6931,입모양,1
6915,소낭종이,1
6914,눈꺼플,1
6913,노체,1
6912,면역수치,1
6897,생애,1
6898,화상흉터,1
6899,전생애,1
6900,혈당값,1
6901,하루전,1
6902,렛증후군,1
6903,뇌기능부전,1
6904,건초염일,1
6905,눈썰매,1
6906,생리현상,1
6907,대장외과,1
6908,자발성,1
6909,피부가,1
6910,발바닥쪽,1
6911,배쪽,1
6932,일간,1
6933,울혈성심부전증,1
6934,구톨글,1
6953,신증후군출혈,1
6955,숨기기,1
6956,피스,1
6957,운동지침,1
6958,방법인가요,1
6959,법인,1
6960,림프선,1
6961,살덩어리,1
6962,구루병이,1
6963,빰,1
6964,스틸,1
6965,정계정맥류,1
6966,정계,1
6967,스틸레토,1
6968,출산예정,1
6969,중이염인,1
6954,에서,1
6952,수기,1
6935,혈압측정,1
6951,연병,1
6936,가슴앓이,1
6937,검진기관,1
6938,워터픽을,1
6939,픽을,1
6940,비점막,1
6941,고환염일,1
6942,연두색,1
6943,위생적인,1
6944,사용시간,1
6945,거주,1
6946,비뇨기관,1
6947,오염수가,1
6948,냉기,1
6949,성심,1
6950,감연병,1
6896,피부묘기증,1
6895,팽창감이,1
6894,다시,1
6838,심남염의,1
6840,벌이,1
6841,비경,1
6842,열림,1
6843,오의,1
6844,가래침,1
6845,이브,1
6846,항생증,1
6847,증가증과,1
6848,바이브,1
6849,병균,1
6850,잔떨림이,1
6851,약골,1
6852,플랫,1
6853,제왕절개,1
6854,아래턱뼈,1
6839,외벌이,1
6837,아이와의,1
6856,발기장애,1
6836,연구중인,1
6821,생기,1
6822,니트,1
6823,니트라,1
6824,관여하는지,1
6825,밤낮,1
6826,깊이,1
6827,기만,1
6828,환기만,1
6829,하병증,1
6830,진동각,1
6831,벨,1
6832,침입,1
6833,교정시력,1
6834,식물성,1
6835,웅큼,1
6855,만도,1
6857,통칭,1
6893,방실중격,1
6876,오비누투주맙,1
6878,성관계시,1
6879,가정용,1
6880,긋해,1
6881,몸살기,1
6882,골음,1
6883,기간중,1
6884,무화과,1
6885,비상,1
6886,비상피,1
6887,손발저,1
6888,불임증,1
6889,담낭일,1
6890,위생상,1
6891,낮음,1
6892,재활적인,1
6877,사회불안장애,1
6875,나이대,1
6858,과숙월경,1
6874,샘,1
6859,증후군인지,1
6860,타이밍,1
6861,개선충,1
6862,완벽,1
6863,과숙,1
6864,뇌막,1
6865,소변시,1
6866,이불,1
6867,구강관리법,1
6868,디어트,1
6869,프리,1
6870,장얘,1
6871,류마티스열과,1
6872,수십,1
6873,샘기능,1
6970,검정콩,1
6971,노인요양시설,1
6972,활력,1
7069,후천,1
7071,도하열,1
7072,식이욕,1
7073,중시,1
7074,운동기능,1
7075,르르기성,1
7076,적외선,1
7077,몸에,1
7078,미숙,1
7079,임산부만이,1
7080,렁,1
7081,뇌우렁거림,1
7082,미숙아의,1
7083,원충,1
7084,선택권,1
7085,메트,1
7070,항염작용,1
7068,진통소염제,1
7087,침습,1
7067,신낭종,1
7051,시력상실,1
7052,가와사키병일,1
7053,근육틱,1
7054,도지,1
7055,특수검사,1
7056,피막,1
7057,이빈인후과에서,1
7058,포성,1
7059,낭포성,1
7060,진단표,1
7062,오환,1
7063,여기,1
7064,인후쪽,1
7065,노령,1
7066,알카리증,1
7086,손떨림이,1
7088,뇌우,1
7049,음식섭취,1
7107,편도쪽,1
7109,뇌성소아마비,1
7110,설폰요소제제,1
7111,메트포르민,1
7112,영양식품,1
7113,폐염,1
7114,기관지폐염,1
7115,유사한,1
7116,샘플,1
7117,한도,1
7118,정돈,1
7119,수유기,1
7120,개선효과,1
7121,골통,1
7122,아세트,1
7123,아세트아미노펜,1
7108,검사료,1
7106,자궁경관염의,1
7089,후두절제,1
7105,베이비,1
7090,오류,1
7091,만선,1
7092,눈시력,1
7093,패치,1
7094,베이비파우더,1
7095,장애인가요,1
7096,폐포,1
7097,중독성,1
7098,피하,1
7099,피하지방,1
7100,중후,1
7101,푸록틴,1
7102,학교급식,1
7103,기종,1
7104,중후근,1
7050,동맥혈관,1
7048,시상,1
6973,마우스피스,1
6991,바닷가,1
6993,닭뼈,1
6994,뇌기능,1
6995,야채소,1
6996,감염보균자,1
6997,치실과,1
6998,실과,1
6999,치간칫솔,1
7000,조율기,1
7001,복통일,1
7002,날카로워지,1
7003,진료소,1
7004,상상력,1
7005,설사가,1
7006,골형성부전,1
7007,페혈증,1
6992,광고,1
6990,글루콘,1
7010,감수,1
6989,글루콘산,1
6974,열병,1
6975,제한하면,1
6976,척도,1
6977,턱관절염,1
6978,재진료,1
6979,사용시,1
6980,있음,1
6981,염증인,1
6982,피가래,1
6983,나비모양,1
6984,식이방법,1
6985,측만증,1
6986,감압,1
6987,친지,1
6988,글루콘산칼슘,1
7009,체중출생,1
7011,장난감,1
7047,시상하부,1
7030,요추염좌,1
7032,열대지역,1
7033,아랫턱,1
7034,안통,1
7035,매쓰꺼움,1
7036,하가,1
7037,표재,1
7038,의료진료기관,1
7039,전진,1
7040,백신주사,1
7041,협작증,1
7042,혈청내,1
7043,사람간의,1
7044,톰,1
7045,스케이트,1
7046,맘모톰,1
7031,편평,1
7029,위절제,1
7012,육체,1
7028,질경,1
7013,망막변증,1
7014,유방내분비질환,1
7015,수소,1
7016,집단내,1
7017,사회인,1
7018,유약,1
7019,유약백혈구,1
7020,유출,1
7021,소비량,1
7022,알레르기일,1
7023,골든타임,1
7024,체온저하,1
7025,내분비내과,1
7026,혀운동,1
7027,석고고정,1
8653,이상반응,1
